SITE,SD_code,Notes,Recorders
3,20,,
3,22,,
3,32,,
3,33,,
3,36,,
3,39,,
3,40,,
3,41,,
3,42,,
3,43,,
3,48,,
3,49,,
3,50,,
3,51,,
3,52,,
3,55,,
3,57,,
3,58,,
3,59,,
3,61,,
3,62,,
3,63,,
3,64,,
3,65,,
3,69,,
3,73,,
3,74,,
3,75,,
3,76,,
3,77,,
3,79,,
3,80,,
3,84,,
3,105,,
3,107,,
3,108,,
3,114,,
3,116,,
3,121,,
1,5,,KAC/PJW
1,6,,KAC/PJW
1,8,,KAC/PJW
1,9,,KAC/PJW
1,13,,KAC/PJW
1,14,,KAC/PJW
1,15,,KAC/PJW
1,17,,KAC/PJW
1,21,,KAC/PJW
1,25,,KAC/PJW
1,30,,KAC/PJW
1,31,,KAC/PJW
1,32,,KAC/PJW
1,33,,KAC/PJW
1,34,,KAC/PJW
1,35,,KAC/PJW
1,36,,KAC/PJW
1,39,,KAC/PJW
1,43,,KAC/PJW
1,45,,KAC/PJW
1,51,,KAC/PJW
1,52,,KAC/PJW
1,53,,KAC/PJW
1,54,,KAC/PJW
1,55,,KAC/PJW
1,57,,KAC/PJW
1,58,,KAC/PJW
1,59,,KAC/PJW
1,61,,KAC/PJW
1,62,,KAC/PJW
1,63,,KAC/PJW
1,65,,KAC/PJW
1,84,,KAC/PJW
1,102,,KAC/PJW
1,114,,KAC/PJW
1,115,,KAC/PJW
1,117,,KAC/PJW
1,149,,KAC/PJW
1,144,,KAC/PJW
1,153,,KAC/PJW
1,157,,KAC/PJW
1,158,,KAC/PJW
1,167,,KAC/PJW
1,168,,KAC/PJW
1,170,,KAC/PJW
1,183,,KAC/PJW
1,192,,KAC/PJW
1,193,,KAC/PJW
1,194,,KAC/PJW
1,197,,KAC/PJW
1,202,,KAC/PJW
1,206,,KAC/PJW
1,215,,KAC/PJW
1,218,,KAC/PJW
1,227,,KAC/PJW
1,230,,KAC/PJW
1,235,,KAC/PJW
1,236,,KAC/PJW
1,189,,KAC/PJW
2,5,,HLW/MUP
2,6,,HLW/MUP
2,8,,HLW/MUP
2,11,,HLW/MUP
2,12,,HLW/MUP
2,13,,HLW/MUP
2,15,,HLW/MUP
2,17,,HLW/MUP
2,19,,HLW/MUP
2,21,,HLW/MUP
2,22,,HLW/MUP
2,23,,HLW/MUP
2,24,,HLW/MUP
2,25,,HLW/MUP
2,26,,HLW/MUP
2,27,,HLW/MUP
2,30,,HLW/MUP
2,32,,HLW/MUP
2,33,,HLW/MUP
2,34,,HLW/MUP
2,35,,HLW/MUP
2,36,,HLW/MUP
2,39,,HLW/MUP
2,40,,HLW/MUP
2,42,,HLW/MUP
2,45,,HLW/MUP
2,47,,HLW/MUP
2,50,,HLW/MUP
2,51,,HLW/MUP
2,52,,HLW/MUP
2,54,,HLW/MUP
2,55,,HLW/MUP
2,58,,HLW/MUP
2,59,,HLW/MUP
2,61,,HLW/MUP
2,64,,HLW/MUP
2,69,,HLW/MUP
2,71,,HLW/MUP
2,88,,HLW/MUP
2,95,,HLW/MUP
2,103,,HLW/MUP
2,115,,HLW/MUP
2,116,,HLW/MUP
2,132,,HLW/MUP
2,144,,HLW/MUP
2,145,,HLW/MUP
2,150,,HLW/MUP
2,153,,HLW/MUP
2,158,,HLW/MUP
2,167,,HLW/MUP
2,168,,HLW/MUP
2,170,,HLW/MUP
2,171,,HLW/MUP
2,174,,HLW/MUP
2,178,,HLW/MUP
2,180,,HLW/MUP
2,181,,HLW/MUP
2,183,,HLW/MUP
2,188,,HLW/MUP
2,192,,HLW/MUP
2,193,,HLW/MUP
2,194,,HLW/MUP
2,195,,HLW/MUP
2,199,,HLW/MUP
2,201,,HLW/MUP
2,202,,HLW/MUP
2,204,,HLW/MUP
2,207,,HLW/MUP
2,213,,HLW/MUP
2,215,,HLW/MUP
2,222,,HLW/MUP
2,228,,HLW/MUP
2,232,,HLW/MUP
2,236,,HLW/MUP
3,3,,
3,5,,
3,6,,
3,8,,
3,10,,
3,11,,
3,12,,
3,18,,
3,123,,
3,129,,
3,131,,
3,132,,
3,140,,
3,143,,
3,145,,
3,149,,
3,151,,
3,153,,
3,156,,
3,157,,
3,158,,
3,161,,
3,163,,
3,167,,
3,168,,
3,182,,
3,183,,
3,188,,
3,192,,
3,195,,
3,202,,
3,204,,
3,207,,
3,209,,
3,221,,
3,236,,
3,240,,
4,8,,
4,13,,
4,16,,
4,30,,
4,33,,
4,34,,
4,35,,
4,36,,
4,39,,
4,40,,
4,44,,
4,45,,
4,49,,
4,51,,
4,52,,
4,53,,
4,54,,
4,55,,
4,56,,
4,57,,
4,59,,
4,61,,
4,62,,
4,63,,
4,64,,
4,65,,
4,73,,
4,74,,
4,80,,
4,84,,
4,105,,
4,112,,
4,113,,
4,114,,
4,129,,
4,138,,
4,141,,
4,144,,
4,149,,
4,150,,
4,151,,
4,155,,
4,156,,
4,161,,
4,167,,
4,170,,
4,171,,
4,172,,
4,178,,
4,179,,
4,180,,
4,181,,
4,183,,
4,192,,
4,193,,
4,194,,
4,195,,
4,196,,
4,197,,
4,199,,
4,201,,
4,206,,
4,207,,
4,208,,
4,210,,
4,211,,
4,221,,
4,229,,
4,231,,
4,236,,
4,238,,
4,3,,6  Recorder VH
5,5,,KAC/JES
5,6,,KAC/JES
5,8,,KAC/JES
5,11,,KAC/JES
5,13,,KAC/JES
5,15,,KAC/JES
5,16,,KAC/JES
5,21,,KAC/JES
5,30,,KAC/JES
5,34,,KAC/JES
5,35,,KAC/JES
5,36,,KAC/JES
5,43,,KAC/JES
5,45,,KAC/JES
5,48,,KAC/JES
5,50,,KAC/JES
5,51,,KAC/JES
5,53,,KAC/JES
5,54,,KAC/JES
5,55,,KAC/JES
5,56,,KAC/JES
5,57,,KAC/JES
5,58,,KAC/JES
5,59,,KAC/JES
5,61,,KAC/JES
5,62,,KAC/JES
5,63,,KAC/JES
5,64,,KAC/JES
5,70,,KAC/JES
5,71,,KAC/JES
5,84,,KAC/JES
5,106,,KAC/JES
5,113,,KAC/JES
5,114,,KAC/JES
5,116,,KAC/JES
5,117,,KAC/JES
5,126,,KAC/JES
5,132,,KAC/JES
5,144,,KAC/JES
5,145,,KAC/JES
5,153,,KAC/JES
5,155,,KAC/JES
5,157,,KAC/JES
5,158,,KAC/JES
5,167,,KAC/JES
5,168,,KAC/JES
5,170,,KAC/JES
5,174,,KAC/JES
5,188,,KAC/JES
5,192,,KAC/JES
5,193,,KAC/JES
5,197,,KAC/JES
5,199,,KAC/JES
5,206,,KAC/JES
5,227,,KAC/JES
5,230,,KAC/JES
5,236,,KAC/JES
5,207,,KAC/JES
6,5,,MK/BW
6,6,,MK/BW
6,7,,MK/BW
6,8,,MK/BW
6,9,,MK/BW
6,10,,MK/BW
6,11,,MK/BW
6,12,,MK/BW
6,13,,MK/BW
6,14,,MK/BW
6,15,,MK/BW
6,16,,MK/BW
6,17,,MK/BW
6,18,,MK/BW
6,22,,MK/BW
6,23,,MK/BW
6,25,,MK/BW
6,26,,MK/BW
6,27,,MK/BW
6,30,,MK/BW
6,32,,MK/BW
6,33,,MK/BW
6,34,,MK/BW
6,35,,MK/BW
6,36,,MK/BW
6,39,,MK/BW
6,40,,MK/BW
6,43,,MK/BW
6,45,,MK/BW
6,49,,MK/BW
6,50,,MK/BW
6,51,,MK/BW
6,52,,MK/BW
6,53,,MK/BW
6,54,,MK/BW
6,55,,MK/BW
6,57,,MK/BW
6,58,,MK/BW
6,59,,MK/BW
6,61,,MK/BW
6,62,,MK/BW
6,63,,MK/BW
6,64,,MK/BW
6,66,,MK/BW
6,69,,MK/BW
6,70,,MK/BW
6,71,,MK/BW
6,85,,MK/BW
6,88,,MK/BW
6,101,,MK/BW
6,102,,MK/BW
6,103,,MK/BW
6,105,,MK/BW
6,106,,MK/BW
6,109,,MK/BW
6,114,,MK/BW
6,115,,MK/BW
6,116,,MK/BW
6,117,,MK/BW
6,118,,MK/BW
6,132,,MK/BW
6,136,,MK/BW
6,144,,MK/BW
6,145,,MK/BW
6,146,,MK/BW
6,149,,MK/BW
6,150,,MK/BW
6,156,,MK/BW
6,157,,MK/BW
6,158,,MK/BW
6,167,,MK/BW
6,168,,MK/BW
6,170,,MK/BW
6,171,,MK/BW
6,172,,MK/BW
6,174,,MK/BW
6,176,,MK/BW
6,183,,MK/BW
6,184,,MK/BW
6,185,,MK/BW
6,186,,MK/BW
6,188,,MK/BW
6,192,,MK/BW
6,193,,MK/BW
6,194,,MK/BW
6,195,,MK/BW
6,196,,MK/BW
6,197,,MK/BW
6,198,,MK/BW
6,199,,MK/BW
6,201,,MK/BW
6,206,,MK/BW
6,207,,MK/BW
6,213,,MK/BW
6,215,,MK/BW
6,230,,MK/BW
6,232,,MK/BW
6,234,,MK/BW
6,235,,MK/BW
7,3,,
7,5,,
7,6,,
7,8,,
7,11,,
7,13,,
7,16,,
7,36,,
7,49,,
7,50,,
7,51,,
7,52,,
7,53,,
7,54,,
7,55,,
7,56,,
7,57,,
7,58,,
7,59,,
7,61,,
7,62,,
7,63,,
7,64,,
7,65,,
7,66,,
7,69,,
7,71,,
7,73,,
7,74,,
7,75,,
7,77,,
7,80,,
7,81,,
7,82,,
7,84,,
7,106,,
7,113,,
7,114,,
7,116,,
7,123,,
7,125,,
7,131,,
7,133,,
7,135,,
7,136,,
7,144,,
7,145,,
7,150,,
7,152,,
7,154,,
7,155,,
7,158,,
7,162,,
7,170,,
7,171,,
7,172,,
7,180,,
7,185,,
7,187,,
7,196,,
7,199,,
7,201,,
7,207,,
7,221,,
7,222,,
7,236,,
7,239,,
8,5,,pw/kc
8,7,,pw/kc
8,8,,pw/kc
8,30,,pw/kc
8,34,,pw/kc
8,35,,pw/kc
8,39,,pw/kc
8,48,acer campestre prunus spinosa populus tremula,pw/kc
8,50,,pw/kc
8,51,,pw/kc
8,52,,pw/kc
8,57,,pw/kc
8,61,,pw/kc
8,69,rare,pw/kc
8,84,,pw/kc
8,88,,pw/kc
8,102,,pw/kc
8,103,,pw/kc
8,105,,pw/kc
8,115,,pw/kc
8,139,,pw/kc
8,141,,pw/kc
8,144,,pw/kc
8,145,,pw/kc
8,146,,pw/kc
8,153,,pw/kc
8,167,,pw/kc
8,171,,pw/kc
8,172,,pw/kc
8,178,,pw/kc
8,181,,pw/kc
8,183,,pw/kc
8,188,,pw/kc
8,192,,pw/kc
8,193,,pw/kc
8,194,,pw/kc
8,195,,pw/kc
8,196,,pw/kc
8,197,,pw/kc
8,199,,pw/kc
8,201,,pw/kc
8,206,,pw/kc
8,213,,pw/kc
8,221,,pw/kc
8,235,,pw/kc
9,5,,
9,6,,
9,8,,
9,13,,
9,19,,
9,22,,
9,30,,
9,32,,
9,43,,
9,44,,
9,49,,
9,50,,
9,52,,
9,53,,
9,54,,
9,55,,
9,57,,
9,61,,
9,62,,
9,69,,
9,73,,
9,74,,
9,75,,
9,81,,
9,84,,
9,91,,
9,114,,
9,117,,
9,135,,
9,136,,
9,144,,
9,150,,
9,167,,
9,170,,
9,172,,
9,183,,
9,188,,
9,192,,
9,193,,
9,194,,
9,195,,
9,196,,
9,197,,
9,207,,
9,221,,
9,238,,
9,3,,12  Recorder VH
10,5,,MK/BW
10,6,,MK/BW
10,7,,MK/BW
10,8,,MK/BW
10,9,,MK/BW
10,11,,MK/BW
10,13,,MK/BW
10,15,,MK/BW
10,16,,MK/BW
10,18,,MK/BW
10,19,,MK/BW
10,27,,MK/BW
10,30,,MK/BW
10,32,,MK/BW
10,33,,MK/BW
10,34,,MK/BW
10,36,,MK/BW
10,39,,MK/BW
10,43,,MK/BW
10,45,,MK/BW
10,49,,MK/BW
10,50,,MK/BW
10,51,,MK/BW
10,52,,MK/BW
10,53,,MK/BW
10,54,,MK/BW
10,55,,MK/BW
10,56,,MK/BW
10,57,,MK/BW
10,58,,MK/BW
10,59,,MK/BW
10,61,,MK/BW
10,62,,MK/BW
10,63,,MK/BW
10,64,,MK/BW
10,68,,MK/BW
10,70,,MK/BW
10,71,,MK/BW
10,73,,MK/BW
10,74,,MK/BW
10,80,,MK/BW
10,84,,MK/BW
10,105,,MK/BW
10,106,,MK/BW
10,107,,MK/BW
10,108,,MK/BW
10,114,,MK/BW
10,115,,MK/BW
10,116,,MK/BW
10,117,,MK/BW
10,121,,MK/BW
10,128,,MK/BW
10,131,,MK/BW
10,132,,MK/BW
10,133,,MK/BW
10,134,,MK/BW
10,136,,MK/BW
10,138,,MK/BW
10,140,,MK/BW
10,142,,MK/BW
10,144,,MK/BW
10,145,,MK/BW
10,150,,MK/BW
10,154,,MK/BW
10,157,,MK/BW
10,158,,MK/BW
10,167,,MK/BW
10,168,,MK/BW
10,170,,MK/BW
10,171,,MK/BW
10,172,,MK/BW
10,174,,MK/BW
10,175,,MK/BW
10,176,,MK/BW
10,177,,MK/BW
10,180,,MK/BW
10,181,,MK/BW
10,183,,MK/BW
10,188,,MK/BW
10,189,,MK/BW
10,192,,MK/BW
10,193,,MK/BW
10,195,,MK/BW
10,196,,MK/BW
10,197,,MK/BW
10,199,,MK/BW
10,201,,MK/BW
10,206,,MK/BW
10,207,,MK/BW
10,213,,MK/BW
10,215,,MK/BW
10,221,,MK/BW
10,223,,MK/BW
10,228,,MK/BW
10,232,,MK/BW
10,234,,MK/BW
10,235,,MK/BW
11,7,,MK/BW
11,8,,MK/BW
11,9,,MK/BW
11,12,,MK/BW
11,13,,MK/BW
11,16,,MK/BW
11,17,,MK/BW
11,18,,MK/BW
11,19,,MK/BW
11,21,,MK/BW
11,24,,MK/BW
11,25,,MK/BW
11,26,,MK/BW
11,27,,MK/BW
11,30,,MK/BW
11,33,,MK/BW
11,34,,MK/BW
11,35,,MK/BW
11,45,,MK/BW
11,49,,MK/BW
11,50,,MK/BW
11,51,,MK/BW
11,52,,MK/BW
11,53,,MK/BW
11,54,,MK/BW
11,55,,MK/BW
11,56,,MK/BW
11,57,,MK/BW
11,58,,MK/BW
11,59,,MK/BW
11,61,,MK/BW
11,62,,MK/BW
11,63,,MK/BW
11,64,,MK/BW
11,69,,MK/BW
11,70,,MK/BW
11,84,,MK/BW
11,85,,MK/BW
11,103,,MK/BW
11,105,,MK/BW
11,114,,MK/BW
11,115,,MK/BW
11,116,,MK/BW
11,132,,MK/BW
11,136,,MK/BW
11,144,,MK/BW
11,141,,MK/BW
11,145,,MK/BW
11,157,,MK/BW
11,158,,MK/BW
11,167,,MK/BW
11,168,,MK/BW
11,169,,MK/BW
11,170,,MK/BW
11,172,,MK/BW
11,183,,MK/BW
11,184,,MK/BW
11,185,,MK/BW
11,187,,MK/BW
11,188,,MK/BW
11,191,,MK/BW
11,192,,MK/BW
11,193,,MK/BW
11,194,,MK/BW
11,195,,MK/BW
11,196,,MK/BW
11,197,,MK/BW
11,199,,MK/BW
11,206,,MK/BW
11,207,,MK/BW
11,213,,MK/BW
11,223,,MK/BW
11,228,,MK/BW
11,230,,MK/BW
11,232,,MK/BW
11,234,,MK/BW
12,6,,js-hf
12,7,,js-hf
12,8,,js-hf
12,12,,js-hf
12,13,,js-hf
12,18,,js-hf
12,20,,js-hf
12,21,,js-hf
12,22,,js-hf
12,25,,js-hf
12,26,,js-hf
12,27,,js-hf
12,30,,js-hf
12,32,,js-hf
12,35,,js-hf
12,50,,js-hf
12,51,,js-hf
12,52,,js-hf
12,53,,js-hf
12,54,,js-hf
12,55,,js-hf
12,56,,js-hf
12,59,,js-hf
12,61,,js-hf
12,62,,js-hf
12,64,,js-hf
12,66,,js-hf
12,68,,js-hf
12,69,,js-hf
12,73,,js-hf
12,81,Quarry,js-hf
12,88,,js-hf
12,89,,js-hf
12,100,,js-hf
12,101,,js-hf
12,110,,js-hf
12,113,,js-hf
12,115,,js-hf
12,117,,js-hf
12,118,,js-hf
12,136,,js-hf
12,138,,js-hf
12,141,,js-hf
12,142,,js-hf
12,144,,js-hf
12,147,,js-hf
12,153,,js-hf
12,156,,js-hf
12,167,roe muntjack,js-hf
12,169,,js-hf
12,170,,js-hf
12,172,,js-hf
12,174,,js-hf
12,176,,js-hf
12,178,,js-hf
12,183,,js-hf
12,185,,js-hf
12,186,,js-hf
12,189,,js-hf
12,192,,js-hf
12,193,,js-hf
12,195,,js-hf
12,197,,js-hf
12,201,,js-hf
12,204,,js-hf
12,206,,js-hf
12,207,,js-hf
12,213,,js-hf
12,221,,js-hf
12,227,,js-hf
13,5,,pjw-hf
13,6,,pjw-hf
13,8,,pjw-hf
13,15,,pjw-hf
13,19,,pjw-hf
13,27,,pjw-hf
13,30,,pjw-hf
13,32,,pjw-hf
13,33,,pjw-hf
13,34,,pjw-hf
13,35,,pjw-hf
13,36,,pjw-hf
13,42,,pjw-hf
13,45,Field Maple,pjw-hf
13,53,,pjw-hf
13,54,,pjw-hf
13,55,,pjw-hf
13,58,,pjw-hf
13,59,,pjw-hf
13,61,,pjw-hf
13,70,,pjw-hf
13,84,,pjw-hf
13,102,,pjw-hf
13,104,Stream dry,pjw-hf
13,108,,pjw-hf
13,114,,pjw-hf
13,115,,pjw-hf
13,116,,pjw-hf
13,144,,pjw-hf
13,149,,pjw-hf
13,153,,pjw-hf
13,167,,pjw-hf
13,168,,pjw-hf
13,170,,pjw-hf
13,174,,pjw-hf
13,176,,pjw-hf
13,180,,pjw-hf
13,183,,pjw-hf
13,187,,pjw-hf
13,188,,pjw-hf
13,192,,pjw-hf
13,195,,pjw-hf
13,196,,pjw-hf
13,197,,pjw-hf
13,199,,pjw-hf
13,202,,pjw-hf
13,206,,pjw-hf
13,207,,pjw-hf
13,213,,pjw-hf
13,221,,pjw-hf
13,235,,pjw-hf
13,236,,pjw-hf
15,8,,
15,13,,
15,16,,
15,49,,
15,50,,
15,54,,
15,56,,
15,57,,
15,59,,
15,61,,
15,62,,
15,73,,
15,74,,
15,75,,
15,80,,
15,84,,
15,90,,
15,94,,
15,105,,
15,106,,
15,126,,
15,131,,
15,132,,
15,149,,
15,152,,
15,155,,
15,158,,
15,161,,
15,167,,
15,168,,
15,172,,
15,177,,
15,178,,
15,183,,
15,192,,
15,193,,
15,194,,
15,195,,
15,196,,
15,197,,
15,213,,
15,214,,
15,215,,
15,221,,
15,230,,
15,232,,
15,233,,
15,238,,
15,3,,3  Recorder
16,5,,k-js
16,7,,k-js
16,8,,k-js
16,11,,k-js
16,12,,k-js
16,13,,k-js
16,16,,k-js
16,17,,k-js
16,18,,k-js
16,21,,k-js
16,22,,k-js
16,27,,k-js
16,30,,k-js
16,32,,k-js
16,35,,k-js
16,36,,k-js
16,43,,k-js
16,44,,k-js
16,51,,k-js
16,53,,k-js
16,54,,k-js
16,55,,k-js
16,58,,k-js
16,59,,k-js
16,61,,k-js
16,62,,k-js
16,68,,k-js
16,69,,k-js
16,70,,k-js
16,71,,k-js
16,86,,k-js
16,102,,k-js
16,114,,k-js
16,115,,k-js
16,116,,k-js
16,118,,k-js
16,132,,k-js
16,136,,k-js
16,140,,k-js
16,144,,k-js
16,145,,k-js
16,149,,k-js
16,153,,k-js
16,157,,k-js
16,167,"Muntjac, Roe",k-js
16,168,,k-js
16,170,,k-js
16,172,,k-js
16,174,,k-js
16,176,,k-js
16,178,,k-js
16,181,,k-js
16,183,,k-js
16,188,,k-js
16,189,,k-js
16,193,,k-js
16,195,,k-js
16,196,,k-js
16,202,,k-js
16,206,,k-js
16,211,stream,k-js
16,213,,k-js
16,219,garden,k-js
16,220,young mixed plantation,k-js
16,227,,k-js
16,230,old deer park banks,k-js
16,232,,k-js
17,8,,
17,10,,
17,13,,
17,23,,
17,30,,
17,33,,
17,34,,
17,35,,
17,36,,
17,39,,
17,40,,
17,44,,
17,45,,
17,49,,
17,50,,
17,52,,
17,53,,
17,54,,
17,55,,
17,56,,
17,57,,
17,58,,
17,59,,
17,61,,
17,62,,
17,63,,
17,64,,
17,69,,
17,70,,
17,73,,
17,74,,
17,75,,
17,76,,
17,78,,
17,80,,
17,84,,
17,105,,
17,106,,
17,114,,
17,115,,
17,118,,
17,129,,
17,141,,
17,144,,
17,145,,
17,149,,
17,150,,
17,151,,
17,158,,
17,167,,
17,170,,
17,172,,
17,183,,
17,188,,
17,192,,
17,193,,
17,194,,
17,195,,
17,196,,
17,197,,
17,199,,
17,201,,
17,207,,
17,211,,
17,221,,
17,231,,
17,236,,
17,238,,
17,3,,3  Recorder VH
18,11,,
18,13,,
18,15,,
18,22,,
18,25,,
18,26,,
18,27,,
18,30,,
18,34,,
18,35,,
18,36,,
18,39,,
18,40,,
18,43,,
18,44,,
18,50,,
18,51,,
18,52,,
18,53,,
18,54,,
18,55,,
18,57,,
18,58,,
18,59,,
18,61,,
18,62,,
18,63,,
18,69,,
18,70,,
18,80,,
18,84,,
18,105,,
18,113,,
18,141,,
18,144,,
18,151,,
18,155,,
18,157,,
18,158,,
18,161,,
18,162,,
18,168,,
18,170,,
18,171,,
18,174,,
18,180,,
18,182,,
18,183,,
18,185,,
18,188,,
18,192,,
18,193,,
18,195,,
18,201,,
18,207,,
18,210,,
18,211,,
18,213,,
18,214,,
18,221,,
18,228,,
18,229,,
18,232,,
18,238,,
18,3,,3  Recorder Helen Ball
19,3,,
19,5,,
19,8,,
19,9,,
19,10,,
19,13,,
19,16,,
19,19,,
19,20,,
19,21,,
19,22,,
19,27,,
19,30,,
19,34,,
19,36,,
19,39,,
19,49,,
19,50,,
19,51,,
19,52,,
19,54,,
19,55,,
19,56,,
19,57,,
19,58,,
19,59,,
19,61,,
19,62,,
19,63,,
19,69,,
19,73,,
19,84,,
19,90,,
19,97,,
19,99,,
19,102,,
19,103,,
19,107,,
19,108,,
19,114,,
19,115,,
19,116,,
19,127,,
19,141,,
19,142,,
19,144,,
19,153,,
19,156,,
19,157,,
19,158,,
19,167,,
19,171,,
19,174,,
19,183,,
19,192,,
19,195,,
19,196,,
19,201,,
19,204,,
19,208,,
19,211,,
19,213,,
19,215,,
19,221,,
19,222,,
19,230,,
19,232,,
19,236,,
19,239,,
21,8,,MK/BW
21,12,,MK/BW
21,13,,MK/BW
21,16,,MK/BW
21,17,,MK/BW
21,22,,MK/BW
21,27,,MK/BW
21,30,,MK/BW
21,33,,MK/BW
21,34,,MK/BW
21,35,,MK/BW
21,44,,MK/BW
21,45,,MK/BW
21,49,,MK/BW
21,50,,MK/BW
21,51,,MK/BW
21,52,,MK/BW
21,54,,MK/BW
21,55,,MK/BW
21,56,,MK/BW
21,57,,MK/BW
21,58,,MK/BW
21,59,,MK/BW
21,61,,MK/BW
21,62,,MK/BW
21,63,,MK/BW
21,64,,MK/BW
21,69,,MK/BW
21,71,,MK/BW
21,84,,MK/BW
21,85,,MK/BW
21,86,,MK/BW
21,87,,MK/BW
21,102,,MK/BW
21,103,,MK/BW
21,106,,MK/BW
21,114,,MK/BW
21,115,,MK/BW
21,116,,MK/BW
21,136,,MK/BW
21,145,,MK/BW
21,144,,MK/BW
21,156,,MK/BW
21,157,,MK/BW
21,158,,MK/BW
21,167,,MK/BW
21,168,,MK/BW
21,170,,MK/BW
21,172,,MK/BW
21,183,,MK/BW
21,185,,MK/BW
21,188,,MK/BW
21,192,,MK/BW
21,193,,MK/BW
21,195,,MK/BW
21,196,,MK/BW
21,197,,MK/BW
21,199,,MK/BW
21,206,,MK/BW
21,213,,MK/BW
21,230,,MK/BW
21,229,,MK/BW
21,232,,MK/BW
21,234,,MK/BW
21,235,,MK/BW
22,3,,
22,5,,
22,6,,
22,8,,
22,11,,
22,12,,
22,13,,
22,16,,
22,19,,
22,21,,
22,26,,
22,27,,
22,30,,
22,34,,
22,36,,
22,39,,
22,43,,
22,45,,
22,49,,
22,50,,
22,51,,
22,52,,
22,53,,
22,54,,
22,55,,
22,58,,
22,59,,
22,61,,
22,62,,
22,64,,
22,66,,
22,69,,
22,70,,
22,71,,
22,84,,
22,87,,
22,99,,
22,102,,
22,103,,
22,107,,
22,108,,
22,114,,
22,116,,
22,117,,
22,129,,
22,132,,
22,136,,
22,143,,
22,144,,
22,156,,
22,157,,
22,158,,
22,167,,
22,171,,
22,176,,
22,181,,
22,183,,
22,187,,
22,191,,
22,193,,
22,196,,
22,197,,
22,199,,
22,206,,
22,207,,
22,213,,
22,215,,
22,221,,
22,224,,
22,227,,
22,234,,
22,240,,
23,1,5,MUP/HLW
23,1,6,MUP/HLW
23,1,9,MUP/HLW
23,1,11,MUP/HLW
23,1,16,MUP/HLW
23,1,20,MUP/HLW
23,1,21,MUP/HLW
23,1,22,MUP/HLW
23,1,25,MUP/HLW
23,1,38,MUP/HLW
23,1,42,MUP/HLW
23,1,43,MUP/HLW
23,1,49,MUP/HLW
23,1,75,MUP/HLW
23,1,94,MUP/HLW
23,2,5,MUP/HLW
23,2,6,MUP/HLW
23,2,7,MUP/HLW
23,2,11,MUP/HLW
23,2,25,MUP/HLW
23,2,35,MUP/HLW
23,2,36,MUP/HLW
23,2,38,MUP/HLW
23,2,43,MUP/HLW
23,2,50,MUP/HLW
23,3,5,MUP/HLW
23,3,6,MUP/HLW
23,3,7,MUP/HLW
23,3,11,MUP/HLW
23,3,25,MUP/HLW
23,3,36,MUP/HLW
23,3,37,MUP/HLW
23,3,38,MUP/HLW
23,3,43,MUP/HLW
23,4,7,MUP/HLW
23,4,11,MUP/HLW
23,4,16,MUP/HLW
23,4,31,MUP/HLW
23,4,38,MUP/HLW
23,5,5,MUP/HLW
23,5,6,MUP/HLW
23,5,7,MUP/HLW
23,5,9,MUP/HLW
23,5,11,MUP/HLW
23,5,13,MUP/HLW
23,5,16,MUP/HLW
23,5,18,MUP/HLW
23,5,22,MUP/HLW
23,5,25,MUP/HLW
23,5,35,MUP/HLW
23,5,36,MUP/HLW
23,5,38,MUP/HLW
23,5,49,MUP/HLW
23,6,5,MUP/HLW
23,6,6,MUP/HLW
23,6,7,MUP/HLW
23,6,10,MUP/HLW
23,6,11,MUP/HLW
23,6,13,MUP/HLW
23,6,16,MUP/HLW
23,6,22,MUP/HLW
23,6,25,MUP/HLW
23,6,76,MUP/HLW
23,6,122,MUP/HLW
23,7,7,MUP/HLW
23,7,11,MUP/HLW
23,7,13,MUP/HLW
23,7,43,MUP/HLW
23,7,96,MUP/HLW
23,8,5,MUP/HLW
23,8,6,MUP/HLW
23,8,7,MUP/HLW
23,8,10,MUP/HLW
23,8,16,MUP/HLW
23,8,18,MUP/HLW
23,8,22,MUP/HLW
23,8,75,MUP/HLW
23,9,5,MUP/HLW
23,9,6,MUP/HLW
23,9,7,MUP/HLW
23,9,11,MUP/HLW
23,9,16,MUP/HLW
23,9,18,MUP/HLW
23,9,22,MUP/HLW
23,9,25,MUP/HLW
23,9,31,MUP/HLW
23,9,37,MUP/HLW
23,9,38,MUP/HLW
23,9,42,MUP/HLW
23,9,43,MUP/HLW
23,9,49,MUP/HLW
23,9,75,MUP/HLW
23,9,94,MUP/HLW
23,9,113,MUP/HLW
23,10,5,MUP/HLW
23,10,6,MUP/HLW
23,10,7,MUP/HLW
23,10,11,MUP/HLW
23,10,13,MUP/HLW
23,10,16,MUP/HLW
23,10,20,MUP/HLW
23,10,25,MUP/HLW
23,10,31,MUP/HLW
23,10,38,MUP/HLW
23,10,50,MUP/HLW
23,10,114,MUP/HLW
23,11,7,MUP/HLW
23,11,16,MUP/HLW
23,11,18,MUP/HLW
23,11,20,MUP/HLW
23,11,25,MUP/HLW
23,11,35,MUP/HLW
23,11,43,MUP/HLW
23,11,50,MUP/HLW
23,11,64,MUP/HLW
23,11,79,MUP/HLW
23,11,86,MUP/HLW
23,11,104,MUP/HLW
23,11,112,MUP/HLW
23,12,5,MUP/HLW
23,12,6,MUP/HLW
23,12,7,MUP/HLW
23,12,8,MUP/HLW
23,12,11,MUP/HLW
23,12,16,MUP/HLW
23,12,20,MUP/HLW
23,12,31,MUP/HLW
23,12,42,MUP/HLW
23,12,43,MUP/HLW
23,12,79,MUP/HLW
23,12,94,MUP/HLW
23,12,114,MUP/HLW
23,13,7,MUP/HLW
23,13,11,MUP/HLW
23,13,16,MUP/HLW
23,13,25,MUP/HLW
23,13,31,MUP/HLW
23,13,43,MUP/HLW
23,13,49,MUP/HLW
23,13,79,MUP/HLW
23,13,94,MUP/HLW
23,14,7,MUP/HLW
23,14,11,MUP/HLW
23,14,16,MUP/HLW
23,14,18,MUP/HLW
23,14,20,MUP/HLW
23,14,25,MUP/HLW
23,14,43,MUP/HLW
23,14,49,MUP/HLW
23,14,75,MUP/HLW
23,14,76,MUP/HLW
23,14,81,MUP/HLW
23,14,94,MUP/HLW
23,14,121,MUP/HLW
23,15,5,MUP/HLW
23,15,6,MUP/HLW
23,15,7,MUP/HLW
23,15,10,MUP/HLW
23,15,16,MUP/HLW
23,15,18,MUP/HLW
23,15,20,MUP/HLW
23,15,25,MUP/HLW
23,15,31,MUP/HLW
23,15,38,MUP/HLW
23,15,42,MUP/HLW
23,15,43,MUP/HLW
23,15,75,MUP/HLW
23,15,79,MUP/HLW
23,15,105,MUP/HLW
23,15,113,MUP/HLW
23,16,5,MUP/HLW
23,16,6,MUP/HLW
23,16,7,MUP/HLW
23,16,16,MUP/HLW
23,16,20,MUP/HLW
23,16,25,MUP/HLW
23,16,38,MUP/HLW
23,16,43,MUP/HLW
23,16,121,MUP/HLW
26,3,,
26,5,,
26,6,,
26,8,,
26,10,,
26,11,,
26,13,,
26,16,,
26,19,,
26,21,,
26,30,,
26,34,,
26,36,,
26,41,,
26,43,,
26,44,,
26,45,,
26,49,,
26,50,,
26,51,,
26,52,,
26,53,,
26,54,,
26,55,,
26,56,,
26,57,,
26,58,,
26,59,,
26,61,,
26,62,,
26,64,,
26,66,,
26,69,,
26,73,,
26,74,,
26,84,,
26,87,,
26,88,,
26,89,,
26,91,,
26,94,,
26,96,,
26,99,,
26,103,,
26,107,,
26,108,,
26,114,,
26,115,,
26,116,,
26,127,,
26,133,,
26,136,,
26,141,,
26,143,,
26,144,,
26,145,,
26,148,,
26,151,,
26,153,,
26,156,,
26,167,,
26,168,,
26,170,,
26,172,,
26,180,,
26,181,,
26,183,,
26,185,,
26,187,,
26,188,,
26,190,,
26,191,,
26,192,,
26,193,,
26,196,,
26,197,,
26,199,,
26,202,,
26,206,,
26,207,,
26,221,,
26,222,,
26,234,,
26,239,,
27,8,,MK/BW
27,9,,MK/BW
27,12,,MK/BW
27,13,,MK/BW
27,16,,MK/BW
27,24,,MK/BW
27,30,,MK/BW
27,34,,MK/BW
27,39,,MK/BW
27,43,,MK/BW
27,45,,MK/BW
27,49,,MK/BW
27,50,,MK/BW
27,51,,MK/BW
27,52,,MK/BW
27,53,,MK/BW
27,54,,MK/BW
27,55,,MK/BW
27,56,,MK/BW
27,57,,MK/BW
27,58,,MK/BW
27,59,,MK/BW
27,61,,MK/BW
27,62,,MK/BW
27,64,,MK/BW
27,68,,MK/BW
27,69,,MK/BW
27,71,,MK/BW
27,73,,MK/BW
27,88,,MK/BW
27,102,,MK/BW
27,105,,MK/BW
27,114,,MK/BW
27,117,,MK/BW
27,131,,MK/BW
27,132,,MK/BW
27,136,,MK/BW
27,138,,MK/BW
27,141,,MK/BW
27,144,,MK/BW
27,148,,MK/BW
27,156,,MK/BW
27,157,,MK/BW
27,158,,MK/BW
27,167,,MK/BW
27,168,,MK/BW
27,170,,MK/BW
27,176,,MK/BW
27,183,,MK/BW
27,189,,MK/BW
27,195,,MK/BW
27,199,,MK/BW
27,206,,MK/BW
27,207,,MK/BW
27,213,,MK/BW
27,215,,MK/BW
27,221,,MK/BW
27,228,,MK/BW
27,229,,MK/BW
27,230,,MK/BW
27,234,,MK/BW
29,5,,MK/BW
29,7,,MK/BW
29,8,,MK/BW
29,9,,MK/BW
29,13,,MK/BW
29,11,,MK/BW
29,15,,MK/BW
29,16,,MK/BW
29,17,,MK/BW
29,18,,MK/BW
29,30,,MK/BW
29,32,,MK/BW
29,33,,MK/BW
29,34,,MK/BW
29,36,,MK/BW
29,39,,MK/BW
29,40,,MK/BW
29,43,,MK/BW
29,45,,MK/BW
29,47,,MK/BW
29,49,,MK/BW
29,50,,MK/BW
29,51,,MK/BW
29,52,,MK/BW
29,53,,MK/BW
29,54,,MK/BW
29,55,,MK/BW
29,58,,MK/BW
29,59,,MK/BW
29,61,,MK/BW
29,62,,MK/BW
29,68,,MK/BW
29,69,,MK/BW
29,70,,MK/BW
29,71,,MK/BW
29,84,,MK/BW
29,105,,MK/BW
29,106,,MK/BW
29,107,,MK/BW
29,108,,MK/BW
29,114,,MK/BW
29,115,,MK/BW
29,116,,MK/BW
29,1,,MK/BW
29,132,,MK/BW
29,136,,MK/BW
29,144,,MK/BW
29,145,,MK/BW
29,149,,MK/BW
29,150,,MK/BW
29,158,,MK/BW
29,167,,MK/BW
29,168,,MK/BW
29,170,,MK/BW
29,171,,MK/BW
29,174,,MK/BW
29,176,,MK/BW
29,180,,MK/BW
29,183,,MK/BW
29,188,,MK/BW
29,192,,MK/BW
29,193,,MK/BW
29,195,,MK/BW
29,197,,MK/BW
29,199,,MK/BW
29,201,,MK/BW
29,207,,MK/BW
29,213,,MK/BW
29,215,,MK/BW
29,217,,MK/BW
29,221,,MK/BW
29,227,,MK/BW
29,228,,MK/BW
29,230,,MK/BW
29,232,,MK/BW
29,234,,MK/BW
29,235,,MK/BW
30,3,,
30,5,,
30,6,,
30,8,,
30,9,,
30,10,,
30,11,,
30,12,,
30,13,,
30,16,,
30,17,,
30,18,,
30,19,,
30,21,,
30,27,,
30,30,,
30,33,,
30,34,,
30,35,,
30,36,,
30,39,,
30,45,,
30,49,,
30,50,,
30,52,,
30,54,,
30,55,,
30,58,,
30,59,,
30,61,,
30,62,,
30,63,,
30,64,,
30,66,,
30,69,,
30,84,,
30,102,,
30,107,,
30,108,,
30,114,,
30,116,,
30,117,,
30,138,,
30,140,,
30,144,,
30,149,,
30,153,,
30,156,,
30,157,,
30,167,,
30,168,,
30,171,,
30,185,,
30,192,,
30,193,,
30,194,,
30,195,,
30,206,,
30,207,,
30,208,,
30,213,,
30,215,,
30,221,,
30,230,,
30,232,,
30,234,,
30,236,,
30,239,,
32,8,,MK/BW
32,9,,MK/BW
32,12,,MK/BW
32,13,,MK/BW
32,16,,MK/BW
32,17,,MK/BW
32,18,,MK/BW
32,23,,MK/BW
32,24,,MK/BW
32,25,,MK/BW
32,26,,MK/BW
32,27,,MK/BW
32,30,,MK/BW
32,31,,MK/BW
32,32,,MK/BW
32,33,,MK/BW
32,34,,MK/BW
32,35,,MK/BW
32,36,,MK/BW
32,37,,MK/BW
32,39,,MK/BW
32,40,,MK/BW
32,45,,MK/BW
32,49,,MK/BW
32,50,,MK/BW
32,51,,MK/BW
32,52,,MK/BW
32,53,,MK/BW
32,54,,MK/BW
32,55,,MK/BW
32,56,,MK/BW
32,57,,MK/BW
32,58,,MK/BW
32,59,,MK/BW
32,61,,MK/BW
32,62,,MK/BW
32,64,,MK/BW
32,70,,MK/BW
32,71,,MK/BW
32,73,,MK/BW
32,74,,MK/BW
32,80,,MK/BW
32,83,,MK/BW
32,84,,MK/BW
32,88,,MK/BW
32,95,,MK/BW
32,102,,MK/BW
32,103,,MK/BW
32,107,,MK/BW
32,108,,MK/BW
32,114,,MK/BW
32,115,,MK/BW
32,116,,MK/BW
32,136,,MK/BW
32,144,,MK/BW
32,146,,MK/BW
32,147,,MK/BW
32,149,,MK/BW
32,150,,MK/BW
32,156,,MK/BW
32,157,,MK/BW
32,158,,MK/BW
32,167,,MK/BW
32,168,,MK/BW
32,170,,MK/BW
32,171,,MK/BW
32,176,,MK/BW
32,178,,MK/BW
32,180,,MK/BW
32,183,,MK/BW
32,189,,MK/BW
32,192,,MK/BW
32,196,,MK/BW
32,199,,MK/BW
32,201,,MK/BW
32,207,,MK/BW
32,211,,MK/BW
32,213,,MK/BW
32,215,,MK/BW
32,221,,MK/BW
32,229,,MK/BW
32,230,,MK/BW
32,231,,MK/BW
32,232,,MK/BW
32,234,,MK/BW
33,13,,PJW/HF
33,16,,PJW/HF
33,17,,PJW/HF
33,23,,PJW/HF
33,27,,PJW/HF
33,49,,PJW/HF
33,50,,PJW/HF
33,51,,PJW/HF
33,52,,PJW/HF
33,53,,PJW/HF
33,54,,PJW/HF
33,55,,PJW/HF
33,57,,PJW/HF
33,58,,PJW/HF
33,59,,PJW/HF
33,61,,PJW/HF
33,71,,PJW/HF
33,107,,PJW/HF
33,115,,PJW/HF
33,115,,PJW/HF
33,144,,PJW/HF
33,145,,PJW/HF
33,157,,PJW/HF
33,158,,PJW/HF
33,167,,PJW/HF
33,170,,PJW/HF
33,172,,PJW/HF
33,174,,PJW/HF
33,179,,PJW/HF
33,189,,PJW/HF
33,183,,PJW/HF
33,185,,PJW/HF
33,188,,PJW/HF
33,189,,PJW/HF
33,191,,PJW/HF
33,192,,PJW/HF
33,193,,PJW/HF
33,194,,PJW/HF
33,196,,PJW/HF
33,199,,PJW/HF
33,202,,PJW/HF
33,203,,PJW/HF
33,206,,PJW/HF
33,207,,PJW/HF
33,212,,PJW/HF
33,221,,PJW/HF
33,222,,PJW/HF
34,3,,
34,5,,
34,6,,
34,8,,
34,9,,
34,11,,
34,12,,
34,13,,
34,14,,
34,16,,
34,18,,
34,24,,
34,26,,
34,27,,
34,30,,
34,33,,
34,34,,
34,36,,
34,39,,
34,50,,
34,51,,
34,52,,
34,53,,
34,54,,
34,55,,
34,58,,
34,59,,
34,61,,
34,62,,
34,63,,
34,64,,
34,65,,
34,69,,
34,70,,
34,71,,
34,74,,
34,80,,
34,84,,
34,102,,
34,108,,
34,114,,
34,116,,
34,140,,
34,142,,
34,144,,
34,145,,
34,156,,
34,157,,
34,168,,
34,174,,
34,181,,
34,183,,
34,185,,
34,188,,
34,193,,
34,197,,
34,199,,
34,206,,
34,230,,
34,234,,
34,239,,
35,3,,
35,6,,
35,8,,
35,10,,
35,11,,
35,12,,
35,13,,
35,17,,
35,18,,
35,20,,
35,21,,
35,22,,
35,23,,
35,24,,
35,25,,
35,27,,
35,30,,
35,33,,
35,34,,
35,35,,
35,49,,
35,50,,
35,51,,
35,52,,
35,53,,
35,54,,
35,55,,
35,57,,
35,59,,
35,61,,
35,62,,
35,63,,
35,64,,
35,65,,
35,69,,
35,70,,
35,71,,
35,73,,
35,74,,
35,75,,
35,77,,
35,78,,
35,80,,
35,84,,
35,85,,
35,88,,
35,97,,
35,99,,
35,107,,
35,114,,
35,115,,
35,116,,
35,129,,
35,131,,
35,134,,
35,137,,
35,138,,
35,144,,
35,149,,
35,150,,
35,151,,
35,152,,
35,154,,
35,157,,
35,158,,
35,167,,
35,168,,
35,169,,
35,170,,
35,171,,
35,172,,
35,176,,
35,177,,
35,178,,
35,182,,
35,183,,
35,195,,
35,196,,
35,201,,
35,202,,
35,203,,
35,204,,
35,207,,
35,208,,
35,209,,
35,213,,
35,215,,
35,221,,
35,224,,
35,228,,
35,237,,
36,3,,
36,6,,
36,8,,
36,11,,
36,13,,
36,16,,
36,27,,
36,32,,
36,49,,
36,52,,
36,53,,
36,54,,
36,55,,
36,57,,
36,58,,
36,59,,
36,61,,
36,62,,
36,63,,
36,64,,
36,65,,
36,70,,
36,80,,
36,84,,
36,89,,
36,91,,
36,94,,
36,101,,
36,102,,
36,103,,
36,107,,
36,108,,
36,109,,
36,110,,
36,113,,
36,114,,
36,116,,
36,129,,
36,140,,
36,150,,
36,151,,
36,152,,
36,161,,
36,162,,
36,168,,
36,178,,
36,183,,
36,201,,
36,207,,
36,210,,
36,211,,
36,213,,
36,215,,
36,221,,
36,222,,
36,224,,
36,232,,
36,236,,
36,238,,
37,3,,
37,9,,
37,12,,
37,16,,
37,18,,
37,19,,
37,22,,
37,27,,
37,49,,
37,50,,
37,51,,
37,53,,
37,54,,
37,59,,
37,61,,
37,62,,
37,63,,
37,64,,
37,65,,
37,66,,
37,70,,
37,74,,
37,75,,
37,77,,
37,79,,
37,80,,
37,84,,
37,88,,
37,95,,
37,102,,
37,105,,
37,114,,
37,149,,
37,151,,
37,161,,
37,167,,
37,168,,
37,175,,
37,188,,
37,193,,
37,195,,
37,197,,
37,201,,
37,202,,
37,203,,
37,207,,
37,210,,
37,211,,
37,213,,
37,215,,
37,221,,
37,222,,
37,223,,
37,224,,
37,225,,
37,226,,
37,230,,
37,232,,
37,236,,
37,238,,
38,5,,
38,6,,
38,11,,
38,12,,
38,13,,
38,14,,
38,15,,
38,16,,
38,22,,
38,24,,
38,30,,
38,35,,
38,40,,
38,43,,
38,49,,
38,50,,
38,51,,
38,52,,
38,53,,
38,54,,
38,55,,
38,58,,
38,59,,
38,61,,
38,62,,
38,63,,
38,64,,
38,65,,
38,66,,
38,71,,
38,73,,
38,74,,
38,75,,
38,76,,
38,78,,
38,80,,
38,82,,
38,83,,
38,84,,
38,89,,
38,91,,
38,93,,
38,94,,
38,95,,
38,97,,
38,99,,
38,101,,
38,105,,
38,114,,
38,136,,
38,143,,
38,145,,
38,149,,
38,157,,
38,158,,
38,167,,
38,168,,
38,170,,
38,171,,
38,173,,
38,174,,
38,180,,
38,183,,
38,185,,
38,188,,
38,190,,
38,191,,
38,192,,
38,193,,
38,196,,
38,199,,
38,202,,
38,207,,
38,215,,
38,221,,
38,232,,
38,237,,
38,3,,3  Recorder LA/LE
39,3,,
39,6,,
39,7,,
39,8,,
39,9,,
39,11,,
39,13,,
39,15,,
39,18,,
39,19,,
39,27,,
39,29,,
39,30,,
39,33,,
39,35,,
39,36,,
39,39,,
39,40,,
39,41,,
39,43,,
39,49,,
39,50,,
39,51,,
39,52,,
39,53,,
39,54,,
39,55,,
39,57,,
39,58,,
39,59,,
39,61,,
39,62,,
39,63,,
39,64,,
39,65,,
39,66,,
39,69,,
39,70,,
39,71,,
39,73,,
39,74,,
39,75,,
39,76,,
39,77,,
39,79,,
39,80,,
39,81,,
39,82,,
39,84,,
39,88,,
39,89,,
39,94,,
39,99,,
39,100,,
39,101,,
39,105,,
39,106,,
39,110,,
39,111,,
39,112,,
39,113,,
39,114,,
39,116,,
39,129,,
39,131,,
39,132,,
39,138,,
39,144,,
39,146,,
39,150,,
39,151,,
39,152,,
39,153,,
39,155,,
39,158,,
39,161,,
39,162,,
39,167,,
39,168,,
39,171,,
39,172,,
39,174,,
39,175,,
39,178,,
39,179,,
39,183,,
39,185,,
39,193,,
39,195,,
39,196,,
39,197,,
39,201,,
39,202,,
39,204,,
39,207,,
39,208,,
39,209,,
39,210,,
39,211,,
39,213,,
39,215,,
39,221,,
39,222,,
39,223,,
39,224,,
39,225,,
39,226,,
39,228,,
39,230,,
39,236,,
39,238,,
41,30,,
41,35,,
41,52,,
41,53,,
41,54,,
41,55,,
41,57,,
41,61,,
41,62,,
41,63,,
41,64,,
41,65,,
41,66,,
41,73,,
41,74,,
41,75,,
41,76,,
41,77,,
41,80,,
41,88,,
41,91,,
41,99,,
41,131,,
41,152,,
41,161,,
41,168,,
41,177,,
41,178,,
41,180,,
41,182,,
41,183,,
41,185,,
41,188,,
41,192,,
41,193,,
41,195,,
41,204,,
41,207,,
41,208,,
41,209,,
41,210,,
41,211,,
41,221,,
41,222,,
41,226,,
41,237,,
41,3,,3  Recorder Ilona Weir and
43,3,,
43,6,,
43,7,,
43,8,,
43,9,,
43,11,,
43,13,,
43,15,,
43,16,,
43,18,,
43,22,,
43,29,,
43,30,,
43,33,,
43,34,,
43,35,,
43,36,,
43,39,,
43,41,,
43,47,,
43,49,,
43,50,,
43,51,,
43,52,,
43,53,,
43,54,,
43,55,,
43,56,,
43,57,,
43,58,,
43,59,,
43,61,,
43,62,,
43,63,,
43,64,,
43,65,,
43,66,,
43,69,,
43,70,,
43,71,,
43,73,,
43,74,,
43,75,,
43,76,,
43,77,,
43,79,,
43,80,,
43,81,,
43,82,,
43,84,,
43,89,,
43,91,,
43,94,,
43,95,,
43,99,,
43,100,,
43,101,,
43,105,,
43,106,,
43,107,,
43,108,,
43,109,,
43,110,,
43,111,,
43,112,,
43,114,,
43,129,,
43,131,,
43,134,,
43,138,,
43,144,,
43,149,,
43,150,,
43,151,,
43,152,,
43,153,,
43,154,,
43,155,,
43,157,,
43,158,,
43,161,,
43,168,,
43,175,,
43,176,,
43,178,,
43,179,,
43,182,,
43,183,,
43,185,,
43,187,,
43,192,,
43,193,,
43,195,,
43,196,,
43,201,,
43,204,,
43,207,,
43,208,,
43,209,,
43,210,,
43,211,,
43,213,,
43,215,,
43,217,,
43,222,,
43,223,,
43,224,,
43,225,,
43,226,,
43,228,,
43,229,,
43,230,,
43,231,,
43,232,,
43,236,,
43,237,,
44,3,,
44,5,,
44,6,,
44,8,,
44,11,,
44,13,,
44,15,,
44,16,,
44,30,,
44,32,,
44,33,,
44,43,,
44,44,,
44,49,,
44,50,,
44,51,,
44,52,,
44,54,,
44,58,,
44,59,,
44,61,,
44,62,,
44,64,,
44,69,,
44,77,,
44,80,,
44,84,,
44,114,,
44,125,,
44,129,,
44,132,,
44,134,,
44,150,,
44,151,,
44,152,,
44,154,,
44,155,,
44,157,,
44,158,,
44,161,,
44,162,,
44,168,,
44,170,,
44,171,,
44,178,,
44,183,,
44,190,,
44,191,,
44,195,,
44,196,,
44,197,,
44,199,,
44,202,,
44,207,,
44,211,,
44,213,,
44,215,,
44,221,,
44,231,,
44,238,,
45,11,,
45,13,,
45,15,,
45,29,,
45,30,,
45,33,,
45,34,,
45,35,,
45,36,,
45,39,,
45,40,,
45,43,,
45,44,,
45,48,,
45,52,,
45,53,,
45,54,,
45,61,,
45,62,,
45,63,,
45,64,,
45,65,,
45,69,,
45,71,,
45,80,,
45,84,,
45,99,,
45,103,,
45,105,,
45,106,,
45,133,,
45,144,,
45,145,,
45,148,,
45,149,,
45,167,,
45,170,,
45,171,,
45,172,,
45,181,,
45,183,,
45,188,,
45,193,,
45,195,,
45,206,,
45,207,,
45,211,,
45,213,,
45,214,,
45,215,,
45,221,,
45,231,,
45,233,,
45,239,,
45,3,,4  Recorder VH
46,5,,
46,6,,
46,8,,
46,13,,
46,23,,
46,25,,
46,34,,
46,36,,
46,39,,
46,43,,
46,44,,
46,49,,
46,51,,
46,52,,
46,53,,
46,58,,
46,59,,
50,84,,
50,88,,
50,89,,
50,94,,
50,95,,
50,97,,
50,101,,
50,102,,
50,103,,
50,113,,
50,114,,
50,117,,
50,129,,
50,141,,
50,143,,
50,149,,
50,151,,
50,161,,
50,167,,
50,168,,
50,172,,
50,176,,
50,182,,
50,185,,
50,187,,
50,188,,
50,192,,
50,193,,
50,194,,
50,195,,
50,197,,
50,201,,
50,208,,
50,209,,
50,211,,
50,212,,
50,213,,
50,225,,
50,232,,
50,237,,
50,3,,5  Recorder LA/LE
52,6,,js-hf
52,7,,js-hf
52,8,,js-hf
52,11,,js-hf
52,13,,js-hf
52,16,,js-hf
52,18,,js-hf
52,21,,js-hf
52,27,,js-hf
52,32,,js-hf
52,33,,js-hf
52,36,,js-hf
52,40,,js-hf
52,41,,js-hf
52,43,,js-hf
52,48,,js-hf
52,51,,js-hf
52,52,,js-hf
52,54,,js-hf
52,55,,js-hf
52,59,,js-hf
52,61,,js-hf
52,62,,js-hf
52,63,,js-hf
52,64,,js-hf
52,65,,js-hf
52,66,,js-hf
52,67,,js-hf
52,69,,js-hf
52,70,,js-hf
52,71,,js-hf
52,81,,js-hf
52,89,,js-hf
52,94,,js-hf
52,100,,js-hf
52,104,Flush,js-hf
52,114,,js-hf
52,115,Overgrown,js-hf
52,136,,js-hf
52,140,,js-hf
52,144,,js-hf
52,167,,js-hf
52,170,,js-hf
52,176,,js-hf
52,182,,js-hf
52,183,,js-hf
52,188,,js-hf
52,189,,js-hf
52,192,,js-hf
52,193,,js-hf
52,195,,js-hf
52,200,Wood warbler,js-hf
52,207,,js-hf
52,211,,js-hf
52,221,,js-hf
52,231,,js-hf
53,1,5,HLW
53,1,6,HLW
53,1,36,HLW
53,1,37,HLW
53,1,38,HLW
53,1,66,HLW
53,1,67,HLW
53,2,5,HLW
53,2,6,HLW
53,2,37,HLW
53,2,38,HLW
53,3,7,HLW
53,3,35,HLW
53,3,36,HLW
53,3,37,HLW
53,3,38,HLW
53,3,42,HLW
53,3,43,HLW
53,3,66,HLW
53,3,113,HLW
53,3,114,HLW
53,3,115,HLW
53,4,5,HLW
53,4,6,HLW
53,4,35,HLW
53,4,36,HLW
53,4,37,HLW
53,4,38,HLW
53,4,42,HLW
53,4,43,HLW
53,4,50,HLW
53,4,66,HLW
53,4,95,HLW
53,4,113,HLW
53,4,114,HLW
53,5,5,HLW
53,5,6,HLW
53,5,16,HLW
53,5,25,HLW
53,5,35,HLW
53,5,36,HLW
53,5,37,HLW
53,5,38,HLW
53,5,42,HLW
53,5,43,HLW
53,5,66,HLW
53,5,81,HLW
53,5,113,HLW
53,5,114,HLW
53,6,5,HLW
53,6,6,HLW
53,6,25,HLW
53,6,36,HLW
53,6,37,HLW
53,6,38,HLW
53,6,43,HLW
53,6,44,HLW
53,6,62,HLW
53,6,95,HLW
53,6,99,HLW
53,6,113,HLW
53,6,114,HLW
53,7,6,HLW
53,7,16,HLW
53,7,25,HLW
53,7,35,HLW
53,7,36,HLW
53,7,37,HLW
53,7,38,HLW
53,7,42,HLW
53,7,50,HLW
53,7,95,HLW
53,7,113,HLW
53,7,120,HLW
53,8,5,HLW
53,8,6,HLW
53,8,11,HLW
53,8,35,HLW
53,8,37,HLW
53,8,38,HLW
53,8,41,HLW
53,8,43,HLW
53,8,113,HLW
53,8,115,HLW
53,8,117,HLW
53,9,37,HLW
53,9,72,HLW
53,9,104,HLW
53,9,105,HLW
53,9,113,HLW
53,10,5,HLW
53,10,6,HLW
53,10,35,HLW
53,10,37,HLW
53,10,38,HLW
53,10,94,HLW
53,10,95,HLW
53,10,113,HLW
53,11,20,HLW
53,11,29,HLW
53,11,37,HLW
53,11,38,HLW
53,11,43,HLW
53,11,44,HLW
53,11,93,HLW
53,11,95,HLW
53,11,105,HLW
53,12,5,HLW
53,12,6,HLW
53,12,29,HLW
53,12,35,HLW
53,12,36,HLW
53,12,37,HLW
53,12,38,HLW
53,12,40,HLW
53,12,43,HLW
53,12,50,HLW
53,12,69,HLW
53,12,70,HLW
53,13,7,HLW
53,13,36,HLW
53,13,37,HLW
53,13,38,HLW
53,13,39,HLW
53,13,40,HLW
53,13,42,HLW
53,13,43,HLW
53,13,44,HLW
53,13,104,HLW
53,13,106,HLW
53,14,5,HLW
53,14,6,HLW
53,14,7,HLW
53,14,35,HLW
53,14,37,HLW
53,14,38,HLW
53,14,42,HLW
53,14,43,HLW
53,14,70,HLW
53,14,99,HLW
53,14,114,HLW
53,15,5,HLW
53,15,6,HLW
53,15,7,HLW
53,15,11,HLW
53,15,16,HLW
53,15,42,HLW
53,15,43,HLW
53,15,104,HLW
53,15,113,HLW
53,15,120,HLW
53,16,5,HLW
53,16,6,HLW
53,16,7,HLW
53,16,35,HLW
53,16,38,HLW
53,16,42,HLW
53,16,43,HLW
53,16,44,HLW
53,16,95,HLW
53,16,106,HLW
54,3,,
54,5,,
54,6,,
54,8,,
54,9,,
54,10,,
54,11,,
54,12,,
54,13,,
54,14,,
54,15,,
54,16,,
54,18,,
54,19,,
54,20,,
54,21,,
46,61,,
46,62,,
46,69,,
46,70,,
46,73,,
46,74,,
46,75,,
46,76,,
46,78,,
46,80,,
46,83,,
46,84,,
46,89,,
46,94,,
46,95,,
46,97,,
46,99,,
46,106,,
46,114,,
46,117,,
46,132,,
46,133,,
46,144,,
46,145,,
46,156,,
46,166,,
46,172,,
46,178,,
46,180,,
46,192,,
46,193,,
46,194,,
46,195,,
46,196,,
46,197,,
46,213,,
46,214,,
46,215,,
46,221,,
46,232,,
46,233,,
46,239,,
46,3,,5  Recorder VH
47,5,,
47,6,,
47,11,,
47,13,,
47,16,,
47,30,,
47,31,,
47,32,,
47,33,,
47,35,,
47,40,,
47,41,,
47,43,,
47,48,,
47,49,,
47,50,,
47,51,,
47,52,,
47,53,,
47,54,,
47,55,,
47,58,,
47,59,,
47,61,,
47,62,,
47,63,,
47,64,,
47,65,,
47,71,,
47,74,,
47,75,,
47,78,,
47,79,,
47,80,,
47,81,,
47,88,,
47,91,,
47,93,,
47,94,,
47,101,,
47,102,,
47,105,,
47,106,,
47,107,,
47,108,,
47,113,,
47,131,,
47,136,,
47,149,,
47,157,,
47,158,,
47,167,,
47,185,,
47,192,,
47,193,,
47,194,,
47,195,,
47,202,,
47,203,,
47,208,,
47,211,,
47,213,,
47,221,,
47,232,,
47,236,,
47,237,,
47,3,,4  Recorder LA/LE
48,5,,js-hf
48,8,,js-hf
48,11,,js-hf
48,16,,js-hf
48,13,,js-hf
48,16,,js-hf
48,20,,js-hf
48,29,,js-hf
48,30,,js-hf
48,32,,js-hf
48,33,,js-hf
48,34,,js-hf
48,35,,js-hf
48,36,,js-hf
48,37,,js-hf
48,39,,js-hf
48,40,,js-hf
48,43,,js-hf
48,45,,js-hf
48,47,,js-hf
48,50,,js-hf
48,52,,js-hf
48,54,,js-hf
48,55,,js-hf
48,58,,js-hf
48,59,,js-hf
48,61,,js-hf
48,62,,js-hf
48,64,,js-hf
48,66,,js-hf
48,70,,js-hf
48,102,,js-hf
48,103,,js-hf
48,114,,js-hf
48,132,,js-hf
48,144,,js-hf
48,170,,js-hf
48,172,,js-hf
48,174,,js-hf
48,177,,js-hf
48,183,,js-hf
48,189,,js-hf
48,192,,js-hf
48,193,,js-hf
48,194,,js-hf
48,195,,js-hf
48,202,,js-hf
48,206,,js-hf
48,207,,js-hf
48,211,,js-hf
48,213,,js-hf
48,214,,js-hf
48,215,,js-hf
48,221,,js-hf
48,227,,js-hf
48,229,,js-hf
48,230,,js-hf
48,232,,js-hf
48,233,,js-hf
48,234,,js-hf
48,234,,js-hf
49,30,,
49,34,,
49,35,,
49,43,,
49,44,,
49,49,,
49,50,,
49,51,,
49,52,,
49,53,,
49,54,,
49,55,,
49,57,,
49,61,,
49,62,,
49,63,,
49,64,,
49,65,,
49,88,,
49,89,,
49,94,,
49,141,,
49,142,,
49,144,,
49,151,,
49,162,,
49,168,,
49,170,,
49,174,,
49,176,,
49,178,,
49,183,,
49,188,,
49,193,,
49,195,,
49,196,,
49,204,,
49,207,,
49,208,,
49,213,,
49,221,,
49,230,,
49,232,,
49,238,,
49,3,,3  Recorder: I. Weir
50,5,,
50,6,,
50,8,,
50,11,,
50,12,,
50,13,,
50,16,,
50,17,,
50,18,,
50,29,,
50,30,,
50,32,,
50,34,,
50,35,,
50,40,,
50,41,,
50,43,,
50,49,,
50,50,,
50,51,,
50,52,,
50,53,,
50,54,,
50,55,,
50,56,,
50,57,,
50,58,,
50,59,,
50,61,,
50,62,,
50,63,,
50,64,,
50,65,,
50,66,,
50,69,,
50,70,,
50,71,,
50,73,,
50,74,,
50,80,,
50,83,,
54,22,,
54,23,,
54,26,,
54,29,,
54,30,,
54,32,,
54,33,,
54,34,,
54,35,,
54,36,,
54,39,,
54,40,,
54,41,,
54,43,,
54,49,,
54,50,,
54,51,,
54,52,,
54,53,,
54,54,,
54,55,,
54,57,,
54,58,,
54,59,,
54,61,,
54,62,,
54,63,,
54,64,,
54,65,,
54,69,,
54,70,,
54,74,,
54,77,,
54,80,,
54,84,,
54,101,,
54,105,,
54,106,,
54,107,,
54,108,,
54,111,,
54,114,,
54,116,,
54,117,,
54,131,,
54,138,,
54,143,,
54,144,,
54,149,,
54,151,,
54,152,,
54,153,,
54,155,,
54,156,,
54,157,,
54,158,,
54,168,,
54,172,,
54,174,,
54,176,,
54,179,,
54,181,,
54,183,,
54,193,,
54,196,,
54,201,,
54,202,,
54,203,,
54,207,,
54,212,,
54,213,,
54,215,,
54,221,,
54,222,,
54,223,,
54,228,,
54,230,,
54,232,,
54,236,,
54,239,,
55,30,,
55,34,,
55,35,,
55,43,,
55,50,,
55,52,,
55,53,,
55,54,,
55,57,,
55,61,,
55,62,,
55,63,,
55,64,,
55,65,,
55,66,,
55,69,,
55,73,,
55,74,,
55,75,,
55,77,,
55,78,,
55,80,,
55,131,,
55,144,,
55,162,,
55,168,,
55,171,,
55,174,,
55,180,,
55,182,,
55,185,,
55,192,,
55,193,,
55,195,,
55,196,,
55,204,,
55,207,,
55,208,,
55,238,,
55,3,,3  Recorder I. Weir and
56,5,,
56,6,,
56,11,,
56,30,,
56,32,,
56,33,,
56,35,,
56,40,,
56,43,,
56,44,,
56,49,,
56,50,,
56,51,,
56,52,,
56,53,,
56,54,,
56,55,,
56,58,,
56,59,,
56,61,,
56,62,,
56,63,,
56,64,,
56,65,,
56,66,,
56,70,,
56,71,,
56,74,,
56,78,,
56,80,,
56,84,,
56,88,,
56,91,,
56,94,,
56,95,,
56,97,,
56,100,,
56,103,,
56,105,,
56,114,,
56,121,,
56,131,,
56,136,,
56,144,,
56,149,,
56,151,,
56,153,,
56,157,,
56,158,,
56,167,,
56,168,,
56,171,,
56,176,,
56,178,,
56,181,,
56,183,,
56,185,,
56,188,,
56,192,,
56,194,,
56,195,,
56,201,,
56,203,,
56,206,,
56,207,,
56,213,,
56,221,,
56,232,,
56,236,,
56,238,,
56,3,,6  Recorder LA/LE
57,5,,
57,8,,
57,13,,
57,30,,
57,49,,
57,50,,
57,52,,
57,53,,
57,54,,
57,57,,
57,58,,
57,59,,
57,61,,
57,62,,
57,63,,
57,69,,
57,70,,
57,71,,
57,80,,
57,89,,
57,94,,
57,95,,
57,105,,
57,113,,
57,114,,
57,116,,
57,144,,
57,162,,
57,167,,
57,168,,
57,172,,
57,174,,
57,183,,
57,193,,
57,195,,
57,196,,
57,197,,
57,199,,
57,201,,
57,204,,
57,207,,
57,221,,
57,229,,
57,234,,
57,238,,
57,3,,7  Recorder VH
58,13,,
58,30,,
58,32,,
58,34,,
58,36,,
58,39,,
58,43,,
58,61,,
58,62,,
58,63,,
58,64,,
58,65,,
58,66,,
58,69,,
58,71,,
58,74,,
58,75,,
58,80,,
58,87,,
58,88,,
58,90,,
58,94,,
58,99,,
58,114,,
58,132,,
58,134,,
58,135,,
58,149,,
58,150,,
58,152,,
58,157,,
58,158,,
58,170,,
58,171,,
58,174,,
58,178,,
58,179,,
58,182,,
58,185,,
58,196,,
58,207,,
58,213,,
58,215,,
58,217,,
58,221,,
58,232,,
58,238,,
58,3,,3  Recorder IW/PF
59,29,,
59,33,,
59,39,,
59,45,,
59,49,,
59,50,,
59,51,,
59,52,,
59,53,,
59,54,,
59,55,,
59,58,,
59,59,,
59,61,,
59,62,,
59,63,,
59,64,,
59,65,,
59,66,,
59,70,,
59,71,,
59,74,,
59,80,,
59,85,,
59,89,,
59,91,,
59,94,,
59,95,,
59,96,,
59,97,,
59,99,,
59,101,,
59,102,,
59,103,,
59,106,,
59,113,,
59,116,,
59,126,,
59,132,,
59,133,,
59,136,,
59,141,,
59,156,,
59,157,,
59,158,,
59,161,,
59,162,,
59,167,,
59,178,,
59,183,,
59,186,,
59,188,,
59,190,,
59,195,,
59,197,,
59,207,,
59,208,,
59,210,,
59,211,,
59,213,,
59,221,,
59,222,,
59,223,,
59,229,,
59,232,,
59,236,,
59,237,,
59,3,,7  Recorder LA/LE
61,5,,
61,6,,
61,8,,
61,11,,
61,13,,
61,15,,
61,18,,
61,23,,
61,39,,
61,43,,
61,46,,
61,48,,
61,49,,
61,54,,
61,59,,
61,61,,
61,102,,
61,103,,
61,127,,
61,132,,
61,144,,
61,145,,
61,148,,
61,149,,
61,156,,
61,158,,
61,167,,
61,173,,
61,178,,
61,180,,
61,181,,
61,183,,
61,193,,
61,194,,
61,195,,
61,197,,
61,206,,
61,208,,
61,213,,
61,214,,
61,221,,
61,239,,
61,3,,8  Recorder VH
62,3,,
62,5,,
62,7,,
62,8,,
62,9,,
62,13,,
62,16,,
62,30,,
62,33,,
62,34,,
62,35,,
62,36,,
62,39,,
62,40,,
62,49,,
62,50,,
62,51,,
62,52,,
62,53,,
62,54,,
62,55,,
62,57,,
62,58,,
62,59,,
62,61,,
62,62,,
62,63,,
62,64,,
62,65,,
62,70,,
62,71,,
62,73,,
62,74,,
62,76,,
62,77,,
62,79,,
62,80,,
62,84,,
62,88,,
62,94,,
62,95,,
62,97,,
62,100,,
62,101,,
62,102,,
62,103,,
62,105,,
62,106,,
62,107,,
62,108,,
62,109,,
62,111,,
62,113,,
62,114,,
62,116,,
62,129,,
62,131,,
62,138,,
62,141,,
62,144,,
62,145,,
62,149,,
62,150,,
62,151,,
62,152,,
62,153,,
62,154,,
62,155,,
62,157,,
62,158,,
62,161,,
62,162,,
62,163,,
62,166,,
62,168,,
62,170,,
62,171,,
62,174,,
62,175,,
62,176,,
62,201,,
62,202,,
62,204,,
62,207,,
62,210,,
62,211,,
62,213,,
62,215,,
62,221,,
62,222,,
62,224,,
62,225,,
62,226,,
62,230,,
62,232,,
62,236,,
62,238,,
63,8,,
63,30,,
63,32,,
63,33,,
63,34,,
63,35,,
63,36,,
63,39,,
63,43,,
63,44,,
63,49,,
63,51,,
63,52,,
63,53,,
63,54,,
63,55,,
63,59,,
63,61,,
63,62,,
63,64,,
63,69,,
63,70,,
63,71,,
63,78,,
63,88,,
63,89,,
63,105,,
63,114,,
63,133,,
63,136,,
63,138,,
63,141,,
63,144,,
63,145,,
63,148,,
63,167,,
63,170,,
63,172,,
63,183,,
63,185,,
63,188,,
63,192,,
63,193,,
63,194,,
63,195,,
63,196,,
63,199,,
63,204,,
63,207,,
63,208,,
63,211,,
63,213,,
63,215,,
63,221,,
63,231,,
63,239,,
63,3,,9  Recorder VH
64,3,,
64,5,,
64,6,,
64,8,,
64,11,,
64,12,,
64,13,,
64,15,,
64,16,,
64,17,,
64,18,,
64,22,,
64,41,,
64,45,,
64,49,,
64,50,,
64,51,,
64,52,,
64,53,,
64,54,,
64,55,,
64,57,,
64,58,,
64,59,,
64,61,,
64,62,,
64,63,,
64,64,,
64,65,,
64,66,,
64,70,,
64,71,,
64,73,,
64,74,,
64,80,,
64,82,,
64,84,,
64,89,,
64,97,,
64,101,,
64,107,,
64,108,,
64,113,,
64,114,,
64,125,,
64,128,,
64,129,,
64,131,,
64,143,,
64,149,,
64,151,,
64,152,,
64,153,,
64,154,,
64,155,,
64,156,,
64,157,,
64,158,,
64,161,,
64,162,,
64,167,,
64,168,,
64,170,,
64,171,,
64,174,,
64,176,,
64,179,,
64,183,,
64,184,,
64,185,,
64,193,,
64,196,,
64,202,,
64,203,,
64,207,,
64,208,,
64,209,,
64,211,,
64,213,,
64,215,,
64,222,,
64,225,,
64,226,,
64,234,,
64,239,,
65,3,,
65,5,,
65,6,,
65,8,,
65,9,,
65,11,,
65,12,,
65,13,,
65,15,,
65,16,,
65,18,,
65,26,,
65,27,,
65,30,,
65,32,,
65,34,,
65,36,,
65,43,,
65,44,,
65,45,,
65,49,,
65,50,,
65,51,,
65,52,,
65,53,,
65,54,,
65,55,,
65,57,,
65,59,,
65,61,,
65,62,,
65,64,,
65,69,,
65,70,,
65,71,,
65,84,,
65,107,,
65,108,,
65,114,,
65,116,,
65,130,,
65,135,,
65,144,,
65,145,,
65,153,,
65,156,,
65,158,,
65,166,,
65,167,,
65,170,,
65,172,,
65,178,,
65,183,,
65,185,,
65,187,,
65,188,,
65,193,,
65,197,,
65,199,,
65,205,,
65,206,,
65,207,,
65,221,,
65,224,,
65,238,,
67,3,,
67,5,,
67,8,,
67,9,,
67,11,,
67,13,,
67,16,,
67,18,,
67,22,,
67,27,,
67,29,,
67,30,,
67,33,,
67,34,,
67,35,,
67,36,,
67,38,,
67,39,,
67,40,,
67,41,,
67,43,,
67,44,,
67,49,,
67,50,,
67,51,,
67,52,,
67,53,,
67,54,,
67,55,,
67,58,,
67,59,,
67,61,,
67,62,,
67,63,,
67,64,,
67,65,,
67,69,,
67,70,,
67,71,,
67,73,,
67,74,,
67,75,,
67,76,,
67,77,,
67,78,,
67,79,,
67,80,,
67,81,,
67,82,,
67,83,,
67,84,,
67,89,,
67,91,,
67,92,,
67,93,,
67,94,,
67,95,,
67,100,,
67,101,,
67,103,,
67,105,,
67,106,,
67,107,,
67,108,,
67,109,,
67,110,,
67,111,,
67,112,,
67,114,,
67,115,,
67,116,,
67,129,,
67,131,,
67,134,,
67,137,,
67,138,,
67,139,,
67,143,,
67,144,,
67,145,,
67,149,,
67,150,,
67,152,,
67,153,,
67,156,,
67,157,,
67,158,,
67,167,,
67,168,,
67,169,,
67,170,,
67,171,,
67,172,,
67,174,,
67,176,,
67,177,,
67,178,,
67,179,,
67,183,,
67,184,,
67,193,,
67,195,,
67,197,,
67,199,,
67,201,,
67,202,,
67,203,,
67,206,,
67,207,,
67,210,,
67,211,,
67,213,,
67,214,,
67,215,,
67,221,,
67,222,,
67,223,,
67,230,,
67,231,,
67,233,,
67,236,,
67,237,,
68,5,,
68,6,,
68,11,,
68,13,,
68,15,,
68,16,,
68,25,,
68,29,,
68,30,,
68,32,,
68,33,,
68,34,,
68,39,,
68,49,,
68,50,,
68,51,,
68,52,,
68,53,,
68,54,,
68,55,,
68,58,,
68,59,,
68,61,,
68,62,,
68,63,,
68,64,,
68,65,,
68,66,,
68,69,,
68,70,,
68,71,,
68,84,,
68,101,,
68,105,,
68,114,,
68,136,,
68,157,,
68,158,,
68,161,,
68,168,,
68,171,,
68,172,,
68,182,,
68,185,,
68,187,,
68,190,,
68,192,,
68,194,,
68,195,,
68,196,,
68,199,,
68,201,,
68,207,,
68,211,,
68,213,,
68,221,,
68,223,,
68,225,,
68,226,,
68,232,,
68,239,,
68,3,,8  Recorder LA/LE
69,5,,
69,6,,
69,7,,
69,8,,
69,11,,
69,13,,
69,15,,
69,30,,
69,32,,
69,33,,
69,34,,
69,35,,
69,36,,
69,39,,
69,40,,
69,43,,
69,45,,
69,49,,
69,50,,
69,51,,
69,52,,
69,53,,
69,54,,
69,55,,
69,56,,
69,57,,
69,59,,
69,61,,
69,62,,
69,69,,
69,70,,
69,74,,
69,75,,
69,80,,
69,84,,
69,91,,
69,94,,
69,95,,
69,105,,
69,114,,
69,129,,
69,133,,
69,144,,
69,151,,
69,157,,
69,158,,
69,167,,
69,172,,
69,180,,
69,181,,
69,188,,
69,192,,
69,193,,
69,194,,
69,195,,
69,196,,
69,197,,
69,202,,
69,203,,
69,208,,
69,211,,
69,221,,
69,231,,
69,236,,
69,238,,
69,3,,10  Recorder VH
70,5,,
70,6,,
70,8,,
70,13,,
70,15,,
70,30,,
70,36,,
70,39,,
70,40,,
70,43,,
70,44,,
70,49,,
70,51,,
70,52,,
70,53,,
70,54,,
70,56,,
70,57,,
70,59,,
70,61,,
70,62,,
70,71,,
70,91,,
70,105,,
70,106,,
70,129,,
70,144,,
70,145,,
70,156,,
70,157,,
70,158,,
70,167,,
70,170,,
70,172,,
70,174,,
70,178,,
70,180,,
70,183,,
70,193,,
70,194,,
70,195,,
70,196,,
70,197,,
70,198,,
70,199,,
70,221,,
70,222,,
70,239,,
70,3,,11  Recorder VH
71,5,,HLW/MUP
71,8,,HLW/MUP
71,13,,HLW/MUP
71,16,,HLW/MUP
71,30,,HLW/MUP
71,31,,HLW/MUP
71,34,,HLW/MUP
71,36,,HLW/MUP
71,43,,HLW/MUP
71,45,,HLW/MUP
71,51,,HLW/MUP
71,52,,HLW/MUP
71,53,,HLW/MUP
71,54,,HLW/MUP
71,55,,HLW/MUP
71,56,,HLW/MUP
71,57,,HLW/MUP
71,58,,HLW/MUP
71,59,,HLW/MUP
71,61,,HLW/MUP
71,64,,HLW/MUP
71,68,,HLW/MUP
71,69,,HLW/MUP
71,70,,HLW/MUP
71,71,,HLW/MUP
71,73,,HLW/MUP
71,88,,HLW/MUP
71,95,,HLW/MUP
71,97,,HLW/MUP
71,103,,HLW/MUP
71,114,,HLW/MUP
71,115,,HLW/MUP
71,116,,HLW/MUP
71,137,,HLW/MUP
71,144,,HLW/MUP
71,146,,HLW/MUP
71,157,,HLW/MUP
71,158,,HLW/MUP
71,168,,HLW/MUP
71,170,,HLW/MUP
71,171,,HLW/MUP
71,172,,HLW/MUP
71,174,,HLW/MUP
71,176,,HLW/MUP
71,180,,HLW/MUP
71,181,,HLW/MUP
71,185,,HLW/MUP
71,187,SPARROWHAWK,HLW/MUP
71,188,,HLW/MUP
71,189,SONG,HLW/MUP
71,192,,HLW/MUP
71,193,,HLW/MUP
71,195,,HLW/MUP
71,196,GREEN,HLW/MUP
71,199,,HLW/MUP
71,200,CHIFFCHAFF,HLW/MUP
71,201,,HLW/MUP
71,207,,HLW/MUP
71,213,,HLW/MUP
71,215,,HLW/MUP
71,221,,HLW/MUP
71,235,,HLW/MUP
74,12,,
74,16,,
74,30,,
74,33,,
74,40,,
74,41,,
74,49,,
74,50,,
74,51,,
74,52,,
74,53,,
74,54,,
74,55,,
74,58,,
74,59,,
74,61,,
74,62,,
74,63,,
74,64,,
74,65,,
74,66,,
74,69,,
74,70,,
74,74,,
74,75,,
74,77,,
74,78,,
74,79,,
74,80,,
74,85,,
74,89,,
74,91,,
74,94,,
74,98,,
74,99,,
74,101,,
74,103,,
74,105,,
74,107,,
74,110,,
74,111,,
74,114,,
74,118,,
74,121,,
74,131,,
74,132,,
74,136,,
74,143,,
74,149,,
74,150,,
74,151,,
74,153,,
74,155,,
74,157,,
74,161,,
74,166,,
74,167,,
74,168,,
74,182,,
74,185,,
74,187,,
74,192,,
74,193,,
74,194,,
74,195,,
74,201,,
74,209,,
74,210,,
74,236,,
74,237,,
74,3,,9  Recorder LA/LE
75,30,,
75,35,,
75,36,,
75,40,,
75,43,,
75,44,,
75,49,,
75,50,,
75,51,,
75,52,,
75,53,,
75,54,,
75,55,,
75,56,,
75,57,,
75,61,,
75,62,,
75,63,,
75,64,,
75,65,,
75,66,,
75,69,,
75,73,,
75,74,,
75,75,,
75,78,,
75,80,,
75,89,,
75,94,,
75,144,,
75,149,,
75,152,,
75,161,,
75,168,,
75,174,,
75,178,,
75,180,,
75,182,,
75,183,,
75,184,,
75,185,,
75,188,,
75,192,,
75,193,,
75,195,,
75,196,,
75,202,,
75,204,,
75,207,,
75,213,,
75,221,,
75,222,,
75,232,,
75,237,,
75,3,,3  Recorder  I. Wier
76,13,,
76,15,,
76,16,,
76,27,,
76,33,,
76,40,,
76,46,,
76,51,,
76,52,,
76,53,,
76,54,,
76,55,,
76,58,,
76,59,,
76,61,,
76,62,,
76,63,,
76,64,,
76,65,,
76,66,,
76,71,,
76,74,,
76,75,,
76,78,,
76,80,,
76,89,,
76,91,,
76,94,,
76,100,,
76,101,,
76,102,,
76,103,,
76,105,,
76,106,,
76,107,,
76,108,,
76,109,,
76,110,,
76,114,,
76,116,,
76,149,,
76,150,,
76,151,,
76,155,,
76,157,,
76,158,,
76,161,,
76,166,,
76,167,,
76,175,,
76,178,,
76,190,,
76,193,,
76,194,,
76,195,,
76,203,,
76,208,,
76,209,,
76,210,,
76,211,,
76,236,,
76,237,,
76,3,,10  Recorder LA/LE
77,6,,
77,11,,
77,16,,
77,17,,
77,18,,
77,19,,
77,25,,
77,26,,
77,27,,
77,33,,
77,46,,
77,48,,
77,50,,
77,51,,
77,52,,
77,53,,
77,54,,
77,55,,
77,58,,
77,59,,
77,61,,
77,62,,
77,64,,
77,65,,
77,66,,
77,69,,
77,70,,
77,71,,
77,74,,
77,75,,
77,80,,
77,85,,
77,89,,
77,94,,
77,97,,
77,98,,
77,101,,
77,102,,
77,103,,
77,105,,
77,106,,
77,114,,
77,116,,
77,129,,
77,131,,
77,133,,
77,136,,
77,149,,
77,150,,
77,157,,
77,158,,
77,167,,
77,173,,
77,175,,
77,181,,
77,183,,
77,185,,
77,188,,
77,192,,
77,193,,
77,194,,
77,195,,
77,198,,
77,202,,
77,203,,
77,207,,
77,213,,
77,215,,
77,223,,
77,226,,
77,232,,
77,237,,
77,238,,
77,3,,11  Recorder LA/LE
78,5,,
78,6,,
78,22,,
78,36,,
78,39,,
78,40,,
78,48,,
78,49,,
78,50,,
78,51,,
78,52,,
78,53,,
78,54,,
78,56,,
78,58,,
78,59,,
78,61,,
78,62,,
78,63,,
78,64,,
78,65,,
78,66,,
78,89,,
78,168,,
78,170,,
78,179,,
78,196,,
78,215,,
78,220,,
78,221,,
78,238,,
78,3,,3  Recorder IW & HH
79,5,,HLW/MUP
79,6,,HLW/MUP
79,11,,HLW/MUP
79,13,,HLW/MUP
79,15,,HLW/MUP
79,16,,HLW/MUP
79,17,,HLW/MUP
79,27,,HLW/MUP
79,50,,HLW/MUP
79,51,,HLW/MUP
79,52,,HLW/MUP
79,54,,HLW/MUP
79,55,,HLW/MUP
79,58,,HLW/MUP
79,61,,HLW/MUP
79,70,,HLW/MUP
79,71,,HLW/MUP
79,87,,HLW/MUP
79,88,,HLW/MUP
79,95,,HLW/MUP
79,99,,HLW/MUP
79,102,,HLW/MUP
79,106,,HLW/MUP
79,107,,HLW/MUP
79,114,,HLW/MUP
79,115,,HLW/MUP
79,116,,HLW/MUP
79,117,,HLW/MUP
79,118,,HLW/MUP
79,121,,HLW/MUP
79,126,,HLW/MUP
79,132,,HLW/MUP
79,135,,HLW/MUP
79,136,,HLW/MUP
79,140,,HLW/MUP
79,143,,HLW/MUP
79,144,,HLW/MUP
79,145,,HLW/MUP
79,149,,HLW/MUP
79,153,,HLW/MUP
79,155,,HLW/MUP
79,156,,HLW/MUP
79,157,,HLW/MUP
79,158,,HLW/MUP
79,167,,HLW/MUP
79,168,,HLW/MUP
79,170,,HLW/MUP
79,174,,HLW/MUP
79,176,,HLW/MUP
79,180,,HLW/MUP
79,181,,HLW/MUP
79,183,,HLW/MUP
79,184,,HLW/MUP
79,186,,HLW/MUP
79,188,,HLW/MUP
79,189,,HLW/MUP
79,192,,HLW/MUP
79,195,,HLW/MUP
79,196,,HLW/MUP
79,199,,HLW/MUP
79,200,WARBLERS,HLW/MUP
79,201,,HLW/MUP
79,202,,HLW/MUP
79,206,,HLW/MUP
79,207,,HLW/MUP
79,213,,HLW/MUP
79,215,,HLW/MUP
79,221,,HLW/MUP
79,230,,HLW/MUP
79,232,,HLW/MUP
80,8,,HLW/MUP
80,13,,HLW/MUP
80,16,,HLW/MUP
80,17,,HLW/MUP
80,27,,HLW/MUP
80,30,,HLW/MUP
80,31,,HLW/MUP
80,32,,HLW/MUP
80,33,,HLW/MUP
80,36,,HLW/MUP
80,37,,HLW/MUP
80,39,,HLW/MUP
80,40,,HLW/MUP
80,42,,HLW/MUP
80,45,,HLW/MUP
80,49,,HLW/MUP
80,50,,HLW/MUP
80,52,,HLW/MUP
80,53,,HLW/MUP
80,54,,HLW/MUP
80,55,,HLW/MUP
80,57,,HLW/MUP
80,59,,HLW/MUP
80,61,,HLW/MUP
80,69,,HLW/MUP
80,70,,HLW/MUP
80,71,,HLW/MUP
80,88,,HLW/MUP
80,95,,HLW/MUP
80,97,,HLW/MUP
80,102,,HLW/MUP
80,106,,HLW/MUP
80,113,,HLW/MUP
80,114,,HLW/MUP
80,116,,HLW/MUP
80,132,,HLW/MUP
80,135,,HLW/MUP
80,136,,HLW/MUP
80,149,,HLW/MUP
80,150,,HLW/MUP
80,153,,HLW/MUP
80,157,,HLW/MUP
80,158,,HLW/MUP
80,161,,HLW/MUP
80,167,,HLW/MUP
80,168,,HLW/MUP
80,170,,HLW/MUP
80,174,,HLW/MUP
80,178,,HLW/MUP
80,183,,HLW/MUP
80,188,,HLW/MUP
80,189,,HLW/MUP
80,192,,HLW/MUP
80,193,,HLW/MUP
80,194,,HLW/MUP
80,195,,HLW/MUP
80,196,,HLW/MUP
80,197,,HLW/MUP
80,199,,HLW/MUP
80,200,"Chiffchaff, willow warbler",HLW/MUP
80,201,,HLW/MUP
80,207,,HLW/MUP
80,213,,HLW/MUP
80,215,,HLW/MUP
80,222,,HLW/MUP
80,223,,HLW/MUP
80,228,,HLW/MUP
80,232,,HLW/MUP
81,6,,
81,8,,
81,11,,
81,13,,
81,18,,
81,22,,
81,26,,
81,30,,
81,34,,
81,35,,
81,39,,
81,43,,
81,46,,
81,49,,
81,51,,
81,52,,
81,54,,
81,55,,
81,56,,
81,59,,
81,61,,
81,62,,
81,63,,
81,64,,
81,65,,
81,66,,
81,69,,
81,70,,
81,71,,
81,86,,
81,101,,
81,102,,
81,103,,
81,105,,
81,114,,
81,115,,
81,116,,
81,117,,
81,136,,
81,144,,
81,157,,
81,158,,
81,167,,
81,168,,
81,178,,
81,179,,
81,182,,
81,185,,
81,192,,
81,193,,
81,195,,
81,196,,
81,197,,
81,200,,
81,207,,
81,210,,
81,215,,
81,221,,
81,238,,
81,3,,3  Recorder IW/Sk
82,5,,HLW/MUP
82,6,,HLW/MUP
82,11,,HLW/MUP
82,12,,HLW/MUP
82,13,,HLW/MUP
82,14,,HLW/MUP
82,15,,HLW/MUP
82,17,,HLW/MUP
82,18,,HLW/MUP
82,22,,HLW/MUP
82,26,,HLW/MUP
82,27,,HLW/MUP
82,32,,HLW/MUP
82,33,,HLW/MUP
82,36,,HLW/MUP
82,39,,HLW/MUP
82,40,,HLW/MUP
82,47,,HLW/MUP
82,48,,HLW/MUP
82,53,,HLW/MUP
82,55,,HLW/MUP
82,59,,HLW/MUP
82,61,,HLW/MUP
82,69,,HLW/MUP
82,70,,HLW/MUP
82,74,,HLW/MUP
82,80,,HLW/MUP
82,81,,HLW/MUP
82,84,,HLW/MUP
82,91,,HLW/MUP
82,95,,HLW/MUP
82,105,,HLW/MUP
82,114,,HLW/MUP
82,117,,HLW/MUP
82,133,,HLW/MUP
82,134,,HLW/MUP
82,149,,HLW/MUP
82,150,,HLW/MUP
82,153,,HLW/MUP
82,157,,HLW/MUP
82,158,,HLW/MUP
82,168,,HLW/MUP
82,171,,HLW/MUP
82,174,,HLW/MUP
82,188,,HLW/MUP
82,193,,HLW/MUP
82,195,,HLW/MUP
82,202,,HLW/MUP
82,213,,HLW/MUP
82,215,,HLW/MUP
82,232,,HLW/MUP
83,25,,
83,49,,
83,50,,
83,51,,
83,52,,
83,53,,
83,54,,
83,55,,
83,59,,
83,61,,
83,62,,
83,63,,
83,64,,
83,65,,
83,66,,
83,70,,
83,73,,
83,74,,
83,77,,
83,79,,
83,80,,
83,85,,
83,87,,
83,88,,
83,89,,
83,95,,
83,97,,
83,99,,
83,101,,
83,105,,
83,113,,
83,114,,
83,115,,
83,116,,
83,121,,
83,125,,
83,129,,
83,132,,
83,145,,
83,149,,
83,161,,
83,168,,
83,172,,
83,175,,
83,182,,
83,188,,
83,194,,
83,202,,
83,208,,
83,213,,
83,221,,
83,224,,
83,227,,
83,238,,
83,3,,12  Recorder LA/LE
84,3,,
84,5,,
84,6,,
84,11,,
84,12,,
84,13,,
84,14,,
84,15,,
84,16,,
84,18,,
84,19,,
84,21,,
84,24,,
84,26,,
84,27,,
84,30,,
84,32,,
84,33,,
84,40,,
84,41,,
84,43,,
84,48,,
84,49,,
84,50,,
84,51,,
84,52,,
84,54,,
84,55,,
84,56,,
84,57,,
84,58,,
84,59,,
84,61,,
84,62,,
84,63,,
84,64,,
84,65,,
84,66,,
84,70,,
84,71,,
84,80,,
84,101,,
84,103,,
84,105,,
84,106,,
84,107,,
84,108,,
84,109,,
84,110,,
84,114,,
84,115,,
84,116,,
84,117,,
84,127,,
84,129,,
84,134,,
84,135,,
84,140,,
84,143,,
84,144,,
84,150,,
84,157,,
84,167,,
84,168,,
84,169,,
84,170,,
84,174,,
84,176,,
84,181,,
84,185,,
84,192,,
84,195,,
84,197,,
84,199,,
84,201,,
84,202,,
84,207,,
84,213,,
84,215,,
84,222,,
84,225,,
84,226,,
84,229,,
84,232,,
84,239,,
85,30,,
85,33,,
85,36,,
85,39,,
85,40,,
85,49,,
85,50,,
85,52,,
85,53,,
85,54,,
85,55,,
85,57,,
85,61,,
85,62,,
85,63,,
85,64,,
85,65,,
85,66,,
85,69,,
85,73,,
85,88,,
85,94,,
85,101,,
85,109,,
85,113,,
85,118,,
85,121,,
85,127,,
85,128,,
85,129,,
85,131,,
85,149,,
85,150,,
85,151,,
85,152,,
85,174,,
85,178,,
85,180,,
85,181,,
85,182,,
85,183,,
85,185,,
85,188,,
85,192,,
85,193,,
85,195,,
85,196,,
85,201,,
85,202,,
85,203,,
85,204,,
85,207,,
85,208,,
85,209,,
85,221,,
85,223,,
85,226,,
85,230,,
85,232,,
85,3,,"3  Recorder H. Ball,"
86,8,,
86,12,,
86,13,,
86,16,,
86,33,,
86,35,,
86,36,,
86,39,,
86,40,,
86,49,,
86,51,,
86,52,,
86,53,,
86,54,,
86,55,,
86,56,,
86,57,,
86,59,,
86,61,,
86,62,,
86,63,,
86,64,,
86,65,,
86,66,,
86,70,,
86,71,,
86,73,,
86,74,,
86,76,,
86,77,,
86,80,,
86,114,,
86,167,,
86,178,,
86,182,,
86,184,,
86,185,,
86,196,,
86,207,,
86,209,,
86,211,,
86,213,,
86,221,,
86,231,,
86,237,,
86,3,,3  Recorder IW/HH
87,13,,
87,18,,
87,30,,
87,39,,
87,40,,
87,49,,
87,50,,
87,51,,
87,52,,
87,53,,
87,55,,
87,57,,
87,59,,
87,61,,
87,62,,
87,65,,
87,69,,
87,78,,
87,84,,
87,88,,
87,105,,
87,149,,
87,151,,
87,152,,
87,161,,
87,168,,
87,174,,
87,178,,
87,179,,
87,180,,
87,181,,
87,182,,
87,188,,
87,192,,
87,193,,
87,196,,
87,197,,
87,201,,
87,204,,
87,207,,
87,213,,
87,221,,
87,232,,
87,238,,
87,3,,3  Recorder Rachel Cowan
88,5,,HLW/MUP
88,6,,HLW/MUP
88,8,,HLW/MUP
88,11,,HLW/MUP
88,12,,HLW/MUP
88,13,,HLW/MUP
88,15,,HLW/MUP
88,16,,HLW/MUP
88,17,,HLW/MUP
88,18,,HLW/MUP
88,21,,HLW/MUP
88,22,,HLW/MUP
88,23,,HLW/MUP
88,26,,HLW/MUP
88,27,,HLW/MUP
88,30,,HLW/MUP
88,32,,HLW/MUP
88,33,,HLW/MUP
88,34,,HLW/MUP
88,35,,HLW/MUP
88,36,,HLW/MUP
88,39,,HLW/MUP
88,40,,HLW/MUP
88,41,,HLW/MUP
88,43,,HLW/MUP
88,45,,HLW/MUP
88,48,,HLW/MUP
88,50,,HLW/MUP
88,51,,HLW/MUP
88,52,,HLW/MUP
88,53,,HLW/MUP
88,54,,HLW/MUP
88,55,,HLW/MUP
88,57,,HLW/MUP
88,58,,HLW/MUP
88,59,,HLW/MUP
88,61,,HLW/MUP
88,62,,HLW/MUP
88,64,,HLW/MUP
88,70,,HLW/MUP
88,73,,HLW/MUP
88,84,,HLW/MUP
88,86,,HLW/MUP
88,89,,HLW/MUP
88,97,,HLW/MUP
88,100,,HLW/MUP
88,101,,HLW/MUP
88,102,,HLW/MUP
88,103,,HLW/MUP
88,107,,HLW/MUP
88,114,,HLW/MUP
88,116,,HLW/MUP
88,117,,HLW/MUP
88,132,,HLW/MUP
88,137,,HLW/MUP
88,138,,HLW/MUP
88,140,,HLW/MUP
88,145,,HLW/MUP
88,149,,HLW/MUP
88,150,,HLW/MUP
88,157,,HLW/MUP
88,158,,HLW/MUP
88,167,,HLW/MUP
88,168,,HLW/MUP
88,171,,HLW/MUP
88,174,,HLW/MUP
88,176,,HLW/MUP
88,178,,HLW/MUP
88,180,,HLW/MUP
88,181,,HLW/MUP
88,183,,HLW/MUP
88,184,,HLW/MUP
88,188,,HLW/MUP
88,189,,HLW/MUP
88,192,,HLW/MUP
88,193,,HLW/MUP
88,194,,HLW/MUP
88,195,,HLW/MUP
88,196,,HLW/MUP
88,197,,HLW/MUP
88,200,"Warblers, Goldcrest",HLW/MUP
88,201,,HLW/MUP
88,207,,HLW/MUP
88,213,,HLW/MUP
88,223,,HLW/MUP
88,232,,HLW/MUP
89,5,,js-hf
89,6,,js-hf
89,8,,js-hf
89,9,,js-hf
89,10,,js-hf
89,11,,js-hf
89,12,,js-hf
89,13,,js-hf
89,15,,js-hf
89,17,,js-hf
89,18,,js-hf
89,27,,js-hf
89,30,,js-hf
89,32,,js-hf
89,33,,js-hf
89,35,,js-hf
89,36,,js-hf
89,39,,js-hf
89,40,,js-hf
89,43,,js-hf
89,48,Pseodotsuga menzeii,js-hf
89,50,,js-hf
89,51,,js-hf
89,54,,js-hf
89,58,,js-hf
89,59,,js-hf
89,61,,js-hf
89,62,,js-hf
89,63,,js-hf
89,64,,js-hf
89,65,,js-hf
89,66,,js-hf
89,70,,js-hf
89,73,,js-hf
89,74,,js-hf
89,77,,js-hf
89,78,,js-hf
89,79,,js-hf
89,81,,js-hf
89,84,,js-hf
89,87,Drained at present,js-hf
89,89,,js-hf
89,95,,js-hf
89,97,,js-hf
89,100,,js-hf
89,110,,js-hf
89,116,,js-hf
89,135,,js-hf
89,140,,js-hf
89,150,,js-hf
89,178,,js-hf
89,182,,js-hf
89,183,,js-hf
89,188,,js-hf
89,189,,js-hf
89,192,,js-hf
89,193,,js-hf
89,194,,js-hf
89,195,,js-hf
89,196,,js-hf
89,201,,js-hf
89,202,,js-hf
89,204,,js-hf
89,207,,js-hf
89,208,,js-hf
89,213,,js-hf
89,214,,js-hf
89,215,,js-hf
89,217,,js-hf
89,220,Golf course,js-hf
89,221,,js-hf
89,223,,js-hf
89,230,,js-hf
90,3,,
90,6,,
90,8,,
90,9,,
90,10,,
90,11,,
90,12,,
90,13,,
90,16,,
90,22,,
90,29,,
90,30,,
90,32,,
90,33,,
90,36,,
90,40,,
90,43,,
90,49,,
90,50,,
90,51,,
90,52,,
90,53,,
90,54,,
90,55,,
90,56,,
90,57,,
90,58,,
90,59,,
90,61,,
90,62,,
90,63,,
90,64,,
90,66,,
90,69,,
90,70,,
90,74,,
90,75,,
90,77,,
90,80,,
90,81,,
90,83,,
90,84,,
90,88,,
90,91,,
90,94,,
90,95,,
90,96,,
90,100,,
90,101,,
90,102,,
90,103,,
90,107,,
90,108,,
90,114,,
90,116,,
90,129,,
90,131,,
90,132,,
90,137,,
90,144,,
90,149,,
90,151,,
90,153,,
90,156,,
90,157,,
90,163,,
90,167,,
90,168,,
90,170,,
90,174,,
90,175,,
90,181,,
90,182,,
90,185,,
90,192,,
90,193,,
90,195,,
90,196,,
90,201,,
90,202,,
90,203,,
90,204,,
90,207,,
90,208,,
90,209,,
90,211,,
90,213,,
90,221,,
90,224,,
90,231,,
90,236,,
90,239,,
91,5,,HLW/MUP
91,6,,HLW/MUP
91,8,,HLW/MUP
91,11,,HLW/MUP
91,13,,HLW/MUP
91,15,,HLW/MUP
91,16,,HLW/MUP
91,30,,HLW/MUP
91,32,,HLW/MUP
91,33,,HLW/MUP
91,34,,HLW/MUP
91,36,,HLW/MUP
91,39,,HLW/MUP
91,40,,HLW/MUP
91,41,,HLW/MUP
91,43,,HLW/MUP
91,46,,HLW/MUP
91,47,,HLW/MUP
91,48,,HLW/MUP
91,49,,HLW/MUP
91,50,,HLW/MUP
91,51,,HLW/MUP
91,52,,HLW/MUP
91,53,,HLW/MUP
91,54,,HLW/MUP
91,55,,HLW/MUP
91,56,,HLW/MUP
91,57,,HLW/MUP
91,58,,HLW/MUP
91,59,,HLW/MUP
91,61,,HLW/MUP
91,62,,HLW/MUP
91,69,,HLW/MUP
91,71,,HLW/MUP
91,77,,HLW/MUP
91,78,,HLW/MUP
91,80,,HLW/MUP
91,84,,HLW/MUP
91,87,,HLW/MUP
91,88,,HLW/MUP
91,89,,HLW/MUP
91,91,,HLW/MUP
91,95,,HLW/MUP
91,97,,HLW/MUP
91,99,,HLW/MUP
91,100,,HLW/MUP
91,101,,HLW/MUP
91,108,,HLW/MUP
91,111,,HLW/MUP
91,114,,HLW/MUP
91,116,,HLW/MUP
91,117,,HLW/MUP
91,126,,HLW/MUP
91,132,,HLW/MUP
91,137,,HLW/MUP
91,139,,HLW/MUP
91,140,,HLW/MUP
91,143,,HLW/MUP
91,145,,HLW/MUP
91,149,,HLW/MUP
91,156,,HLW/MUP
91,157,,HLW/MUP
91,158,,HLW/MUP
91,168,,HLW/MUP
91,171,,HLW/MUP
91,174,,HLW/MUP
91,178,,HLW/MUP
91,180,,HLW/MUP
91,181,,HLW/MUP
91,183,,HLW/MUP
91,192,,HLW/MUP
91,193,,HLW/MUP
91,195,,HLW/MUP
91,199,,HLW/MUP
91,200,Warblers,HLW/MUP
91,202,,HLW/MUP
91,207,,HLW/MUP
91,213,,HLW/MUP
91,215,,HLW/MUP
91,221,,HLW/MUP
91,232,,HLW/MUP
92,5,,
92,8,,
92,11,,
92,12,,
92,13,,
92,16,,
92,18,,
92,21,,
92,25,,
92,26,,
92,27,,
92,30,,
92,32,,
92,34,,
92,35,,
92,36,,
92,39,,
92,40,,
92,42,,
92,43,,
92,49,,
92,50,,
92,52,,
92,53,,
92,54,,
92,55,,
92,58,,
92,59,,
92,61,,
92,62,,
92,63,,
92,64,,
92,66,,
92,69,,
92,70,,
92,73,,
92,80,,
92,81,,
92,87,,
92,88,,
92,97,,
92,98,,
92,99,,
92,101,,
92,102,,
92,103,,
92,143,,
92,144,,
92,157,,
92,168,,
92,171,,
92,172,,
92,174,,
92,176,,
92,178,,
92,180,,
92,183,,
92,184,,
92,186,,
92,187,,
92,188,,
92,190,,
92,192,,
92,193,,
92,195,,
92,201,,
92,204,,
92,207,,
92,208,,
92,213,,
92,221,,
92,232,,
92,3,,3  Recorder IW/RC
93,5,,
93,6,,
93,8,,
93,13,,
93,15,,
93,26,,
93,27,,
93,30,,
93,34,,
93,36,,
93,43,,
93,52,,
93,53,,
93,58,,
93,59,,
93,61,,
93,62,,
93,63,,
93,64,,
93,70,,
93,80,,
93,88,,
93,94,,
93,116,,
93,136,,
93,157,,
93,158,,
93,168,,
93,170,,
93,171,,
93,174,,
93,176,,
93,182,,
93,185,,
93,193,,
93,197,,
93,199,,
93,207,,
93,221,,
93,239,,
93,3,,3  Recorder IW/PF
94,5,,MK/BW
94,6,,MK/BW
94,8,,MK/BW
94,9,,MK/BW
94,10,,MK/BW
94,11,,MK/BW
94,13,,MK/BW
94,15,,MK/BW
94,16,,MK/BW
94,17,,MK/BW
94,18,,MK/BW
94,30,,MK/BW
94,32,,MK/BW
94,33,,MK/BW
94,34,,MK/BW
94,35,,MK/BW
94,36,,MK/BW
94,39,,MK/BW
94,40,,MK/BW
94,43,,MK/BW
94,45,,MK/BW
94,47,,MK/BW
94,49,,MK/BW
94,50,,MK/BW
94,51,,MK/BW
94,52,,MK/BW
94,53,,MK/BW
94,54,,MK/BW
94,55,,MK/BW
94,58,,MK/BW
94,59,,MK/BW
94,61,,MK/BW
94,62,,MK/BW
94,64,,MK/BW
94,65,,MK/BW
94,68,,MK/BW
94,69,,MK/BW
94,70,,MK/BW
94,73,,MK/BW
94,74,,MK/BW
94,75,,MK/BW
94,80,,MK/BW
94,84,,MK/BW
94,107,,MK/BW
94,114,,MK/BW
94,115,,MK/BW
94,116,,MK/BW
94,118,,MK/BW
94,131,,MK/BW
94,134,,MK/BW
94,136,,MK/BW
94,140,,MK/BW
94,143,,MK/BW
94,144,,MK/BW
94,145,,MK/BW
94,149,,MK/BW
94,150,,MK/BW
94,158,,MK/BW
94,167,,MK/BW
94,170,,MK/BW
94,171,,MK/BW
94,174,,MK/BW
94,183,,MK/BW
94,188,,MK/BW
94,195,,MK/BW
94,201,,MK/BW
94,202,,MK/BW
94,203,,MK/BW
94,204,,MK/BW
94,207,,MK/BW
94,213,,MK/BW
94,215,,MK/BW
94,216,,MK/BW
94,221,,MK/BW
94,227,,MK/BW
94,232,,MK/BW
94,230,,MK/BW
94,234,,MK/BW
94,235,,MK/BW
96,30,,
96,35,,
96,36,,
96,49,,
96,50,,
96,51,,
96,52,,
96,53,,
96,54,,
96,55,,
96,56,,
96,57,,
96,59,,
96,73,,
96,80,,
96,88,,
96,93,,
96,101,,
96,132,,
96,161,,
96,168,,
96,170,,
96,171,,
96,174,,
96,176,,
96,178,,
96,182,,
96,183,,
96,185,,
96,188,,
96,192,,
96,193,,
96,195,,
96,196,,
96,197,,
96,204,,
96,207,,
96,208,,
96,210,,
96,213,,
96,221,,
96,238,,
96,3,,"3  Recorder H. Ball, R. Cowan"
97,6,,
97,13,,
97,30,,
97,32,,
97,35,,
97,36,,
97,40,,
97,44,,
97,45,,
97,49,,
97,50,,
97,51,,
97,52,,
97,53,,
97,54,,
97,55,,
97,59,,
97,61,,
97,62,,
97,63,,
97,64,,
97,65,,
97,66,,
97,69,,
97,70,,
97,77,,
97,80,,
97,94,,
97,101,,
97,114,,
97,132,,
97,144,,
97,149,,
97,157,,
97,168,,
97,170,,
97,174,,
97,182,,
97,183,,
97,185,,
97,193,,
97,207,,
97,210,,
97,215,,
97,238,,
97,3,,3  Recorder IW/SK
98,6,,
98,11,,
98,13,,
98,16,,
98,27,,
98,33,,
98,40,,
98,49,,
98,50,,
98,51,,
98,52,,
98,53,,
98,54,,
98,55,,
98,57,,
98,58,,
98,59,,
98,61,,
98,62,,
98,63,,
98,64,,
98,65,,
98,66,,
98,69,,
98,70,,
98,71,,
98,74,,
98,77,,
98,78,,
98,80,,
98,82,,
98,85,,
98,89,,
98,94,,
98,97,,
98,99,,
98,101,,
98,103,,
98,105,,
98,106,,
98,116,,
98,118,,
98,126,,
98,132,,
98,136,,
98,141,,
98,145,,
98,149,,
98,151,,
98,156,,
98,157,,
98,158,,
98,161,,
98,167,,
98,168,,
98,176,,
98,178,,
98,185,,
98,193,,
98,195,,
98,201,,
98,203,,
98,206,,
98,207,,
98,211,,
98,214,,
98,215,,
98,216,,
98,221,,
98,223,,
98,229,,
98,233,,
98,238,,
98,239,,
98,3,,13  Recorder LA/LE
99,8,,MUP/HW
99,12,,MUP/HW
99,13,,MUP/HW
99,16,,MUP/HW
99,22,,MUP/HW
99,25,,MUP/HW
99,30,,MUP/HW
99,32,,MUP/HW
99,34,,MUP/HW
99,35,,MUP/HW
99,36,,MUP/HW
99,39,,MUP/HW
99,40,,MUP/HW
99,43,,MUP/HW
99,47,,MUP/HW
99,49,,MUP/HW
99,50,,MUP/HW
99,51,,MUP/HW
99,52,,MUP/HW
99,53,,MUP/HW
99,54,,MUP/HW
99,55,,MUP/HW
99,57,,MUP/HW
99,58,,MUP/HW
99,59,,MUP/HW
99,69,,MUP/HW
99,71,,MUP/HW
99,83,,MUP/HW
99,116,,MUP/HW
99,121,,MUP/HW
99,132,,MUP/HW
99,135,,MUP/HW
99,143,,MUP/HW
99,144,,MUP/HW
99,145,,MUP/HW
99,157,,MUP/HW
99,158,,MUP/HW
99,159,Cherry laurel thicket,MUP/HW
99,171,,MUP/HW
99,179,,MUP/HW
99,180,,MUP/HW
99,181,,MUP/HW
99,183,,MUP/HW
99,184,,MUP/HW
99,188,,MUP/HW
99,192,,MUP/HW
99,193,,MUP/HW
99,195,,MUP/HW
99,196,,MUP/HW
99,200,Warblers,MUP/HW
99,213,,MUP/HW
99,215,,MUP/HW
99,220,Allotment,MUP/HW
99,221,,MUP/HW
99,222,,MUP/HW
99,232,,MUP/HW
100,6,,MK/BW
100,8,,MK/BW
100,9,,MK/BW
100,10,,MK/BW
100,11,,MK/BW
100,13,,MK/BW
100,15,,MK/BW
100,16,,MK/BW
100,17,,MK/BW
100,27,,MK/BW
100,30,,MK/BW
100,32,,MK/BW
100,33,,MK/BW
100,34,,MK/BW
100,36,,MK/BW
100,39,,MK/BW
100,43,,MK/BW
100,45,,MK/BW
100,47,,MK/BW
100,48,,MK/BW
100,49,,MK/BW
100,50,,MK/BW
100,51,,MK/BW
100,52,,MK/BW
100,54,,MK/BW
100,55,,MK/BW
100,57,,MK/BW
100,58,,MK/BW
100,59,,MK/BW
100,61,,MK/BW
100,62,,MK/BW
100,64,,MK/BW
100,69,,MK/BW
100,70,,MK/BW
100,71,,MK/BW
100,73,,MK/BW
100,85,,MK/BW
100,86,,MK/BW
100,114,,MK/BW
100,115,,MK/BW
100,116,,MK/BW
100,117,,MK/BW
100,134,,MK/BW
100,132,,MK/BW
100,136,,MK/BW
100,131,,MK/BW
100,144,,MK/BW
100,145,,MK/BW
100,150,,MK/BW
100,167,,MK/BW
100,168,,MK/BW
100,170,,MK/BW
100,171,,MK/BW
100,176,,MK/BW
100,174,,MK/BW
100,183,,MK/BW
100,185,,MK/BW
100,188,,MK/BW
100,189,,MK/BW
100,192,,MK/BW
100,193,,MK/BW
100,195,,MK/BW
100,196,,MK/BW
100,197,,MK/BW
100,199,,MK/BW
100,201,,MK/BW
100,203,,MK/BW
100,204,,MK/BW
100,207,,MK/BW
100,213,,MK/BW
100,215,,MK/BW
100,223,,MK/BW
100,226,,MK/BW
100,228,,MK/BW
100,230,,MK/BW
100,232,,MK/BW
100,234,,MK/BW
102,6,,pw/kc
102,13,,pw/kc
102,15,,pw/kc
102,17,,pw/kc
102,36,,pw/kc
102,40,,pw/kc
102,49,,pw/kc
102,50,,pw/kc
102,51,,pw/kc
102,52,,pw/kc
102,53,,pw/kc
102,54,,pw/kc
102,55,,pw/kc
102,57,,pw/kc
102,58,,pw/kc
102,59,,pw/kc
102,61,,pw/kc
102,71,,pw/kc
102,84,,pw/kc
102,88,,pw/kc
102,99,,pw/kc
102,101,,pw/kc
102,114,,pw/kc
102,115,,pw/kc
102,137,,pw/kc
102,139,,pw/kc
102,140,,pw/kc
102,143,,pw/kc
102,144,,pw/kc
102,153,,pw/kc
102,157,,pw/kc
102,158,,pw/kc
102,162,,pw/kc
102,167,,pw/kc
102,168,,pw/kc
102,174,,pw/kc
102,178,,pw/kc
102,180,,pw/kc
102,183,,pw/kc
102,184,,pw/kc
102,188,,pw/kc
102,192,,pw/kc
102,193,,pw/kc
102,194,,pw/kc
102,196,,pw/kc
102,200,nuthatch songthrush chiffchaff goldcrest,pw/kc
102,202,,pw/kc
102,204,,pw/kc
102,208,,pw/kc
102,210,,pw/kc
102,212,,pw/kc
102,228,,pw/kc
102,236,,pw/kc
103,5,,MK/BW
103,6,,MK/BW
103,7,,MK/BW
103,8,,MK/BW
103,11,,MK/BW
103,12,,MK/BW
103,13,,MK/BW
103,16,,MK/BW
103,17,,MK/BW
103,18,,MK/BW
103,20,,MK/BW
103,21,,MK/BW
103,23,,MK/BW
103,24,,MK/BW
103,26,,MK/BW
103,27,,MK/BW
103,30,,MK/BW
103,32,,MK/BW
103,33,,MK/BW
103,34,,MK/BW
103,35,,MK/BW
103,45,,MK/BW
103,49,,MK/BW
103,50,,MK/BW
103,51,,MK/BW
103,52,,MK/BW
103,53,,MK/BW
103,54,,MK/BW
103,55,,MK/BW
103,56,,MK/BW
103,57,,MK/BW
103,58,,MK/BW
103,59,,MK/BW
103,61,,MK/BW
103,62,,MK/BW
103,63,,MK/BW
103,64,,MK/BW
103,68,,MK/BW
103,69,,MK/BW
103,71,,MK/BW
103,73,,MK/BW
103,74,,MK/BW
103,84,,MK/BW
103,102,,MK/BW
103,105,,MK/BW
103,106,,MK/BW
103,116,,MK/BW
103,114,,MK/BW
103,132,,MK/BW
103,136,,MK/BW
103,138,,MK/BW
103,148,,MK/BW
103,145,,MK/BW
103,154,,MK/BW
103,158,,MK/BW
103,157,,MK/BW
103,156,,MK/BW
103,168,,MK/BW
103,167,,MK/BW
103,172,,MK/BW
103,175,,MK/BW
103,180,,MK/BW
103,183,,MK/BW
103,195,,MK/BW
103,197,,MK/BW
103,206,,MK/BW
103,204,,MK/BW
103,219,,MK/BW
103,221,,MK/BW
103,222,,MK/BW
103,223,,MK/BW
101,11,,RB
101,30,,RB
101,35,,RB
101,36,,RB
101,40,,RB
101,41,,RB
101,49,,RB
101,50,,RB
101,51,,RB
101,52,,RB
101,53,,RB
101,54,,RB
101,55,,RB
101,57,,RB
101,58,,RB
101,59,,RB
101,61,,RB
101,62,,RB
101,69,,RB
101,70,,RB
101,90,,RB
101,97,,RB
101,98,,RB
101,107,,RB
101,108,,RB
101,114,,RB
101,116,,RB
101,135,,RB
101,138,,RB
101,143,,RB
101,144,,RB
101,149,,RB
101,153,,RB
101,158,,RB
101,167,,RB
101,168,,RB
101,170,,RB
101,172,,RB
101,178,,RB
101,183,,RB
101,185,,RB
101,193,,RB
101,195,,RB
101,196,,RB
101,199,,RB
101,201,,RB
101,202,,RB
101,203,,RB
101,207,,RB
101,209,,RB
101,213,,RB
101,221,,RB
101,228,,RB
101,230,,RB
101,232,,RB
101,236,,RB
40,8,,RB/SS
40,30,,RB/SS
40,33,,RB/SS
40,34,,RB/SS
40,35,,RB/SS
40,40,,RB/SS
40,49,,RB/SS
40,50,,RB/SS
40,51,,RB/SS
40,52,,RB/SS
40,53,,RB/SS
40,54,,RB/SS
40,55,,RB/SS
40,56,,RB/SS
40,57,,RB/SS
40,58,,RB/SS
40,59,,RB/SS
40,61,,RB/SS
40,62,,RB/SS
40,63,,RB/SS
40,64,,RB/SS
40,65,,RB/SS
40,66,,RB/SS
40,71,,RB/SS
40,74,,RB/SS
40,77,,RB/SS
40,79,,RB/SS
40,80,,RB/SS
40,81,,RB/SS
40,82,,RB/SS
40,88,,RB/SS
40,89,,RB/SS
40,90,,RB/SS
40,94,,RB/SS
40,95,,RB/SS
40,96,,RB/SS
40,101,,RB/SS
40,105,,RB/SS
40,106,,RB/SS
40,107,,RB/SS
40,108,,RB/SS
40,110,,RB/SS
40,113,,RB/SS
40,116,,RB/SS
40,127,,RB/SS
40,131,,RB/SS
40,132,,RB/SS
40,134,,RB/SS
40,136,,RB/SS
40,137,,RB/SS
40,138,,RB/SS
40,141,,RB/SS
40,145,,RB/SS
40,148,,RB/SS
40,149,,RB/SS
40,150,,RB/SS
40,151,,RB/SS
40,152,,RB/SS
40,153,,RB/SS
40,154,,RB/SS
40,155,,RB/SS
40,156,,RB/SS
40,157,,RB/SS
40,158,,RB/SS
40,161,,RB/SS
40,167,,RB/SS
40,168,,RB/SS
40,170,,RB/SS
40,172,,RB/SS
40,178,,RB/SS
40,183,,RB/SS
40,194,,RB/SS
40,195,,RB/SS
40,201,,RB/SS
40,204,,RB/SS
40,206,,RB/SS
40,207,,RB/SS
40,208,,RB/SS
40,213,,RB/SS
40,221,,RB/SS
42,13,,RB/SS
42,16,,RB/SS
42,18,,RB/SS
42,33,,RB/SS
42,40,,RB/SS
42,46,,RB/SS
42,49,,RB/SS
42,50,,RB/SS
42,51,,RB/SS
42,52,,RB/SS
42,53,,RB/SS
42,54,,RB/SS
42,55,,RB/SS
42,56,,RB/SS
42,58,,RB/SS
42,59,,RB/SS
42,61,,RB/SS
42,62,,RB/SS
42,63,,RB/SS
42,64,,RB/SS
42,65,,RB/SS
42,66,,RB/SS
42,73,,RB/SS
42,74,,RB/SS
42,75,,RB/SS
42,77,,RB/SS
42,80,,RB/SS
42,88,,RB/SS
42,93,,RB/SS
42,94,,RB/SS
42,95,,RB/SS
42,96,,RB/SS
42,100,,RB/SS
42,101,,RB/SS
42,102,,RB/SS
42,103,,RB/SS
42,105,,RB/SS
42,106,,RB/SS
42,107,,RB/SS
42,108,,RB/SS
42,109,,RB/SS
42,110,,RB/SS
42,114,,RB/SS
42,116,,RB/SS
42,117,,RB/SS
42,118,,RB/SS
42,135,,RB/SS
42,137,,RB/SS
42,138,,RB/SS
42,140,,RB/SS
42,145,,RB/SS
42,149,,RB/SS
42,150,,RB/SS
42,151,,RB/SS
42,152,,RB/SS
42,152,,RB/SS
42,155,,RB/SS
42,157,,RB/SS
42,158,,RB/SS
42,162,,RB/SS
42,166,,RB/SS
42,167,,RB/SS
42,168,,RB/SS
42,172,,RB/SS
42,176,,RB/SS
42,183,,RB/SS
42,185,,RB/SS
42,186,,RB/SS
42,188,,RB/SS
42,191,,RB/SS
42,192,,RB/SS
42,193,,RB/SS
42,195,,RB/SS
42,199,,RB/SS
42,201,,RB/SS
42,202,,RB/SS
42,207,,RB/SS
42,209,,RB/SS
42,200,,RB/SS
42,213,,RB/SS
42,221,,RB/SS
42,232,,RB/SS
42,236,,RB/SS
95,8,,RB/FB
95,9,,RB/FB
95,12,,RB/FB
95,13,,RB/FB
95,16,,RB/FB
95,17,,RB/FB
95,18,,RB/FB
95,19,,RB/FB
95,20,,RB/FB
95,21,,RB/FB
95,22,,RB/FB
95,24,,RB/FB
95,30,,RB/FB
95,32,,RB/FB
95,33,,RB/FB
95,34,,RB/FB
95,35,,RB/FB
95,36,,RB/FB
95,39,,RB/FB
95,40,,RB/FB
95,43,,RB/FB
95,45,,RB/FB
95,49,,RB/FB
95,50,,RB/FB
95,51,,RB/FB
95,52,,RB/FB
95,53,,RB/FB
95,54,,RB/FB
95,55,,RB/FB
95,56,,RB/FB
95,57,,RB/FB
95,58,,RB/FB
95,59,,RB/FB
95,61,,RB/FB
95,62,,RB/FB
95,69,,RB/FB
95,70,,RB/FB
95,71,,RB/FB
95,74,,RB/FB
95,80,,RB/FB
95,82,,RB/FB
95,88,,RB/FB
95,91,,RB/FB
95,94,,RB/FB
95,95,,RB/FB
95,97,,RB/FB
95,102,,RB/FB
95,105,,RB/FB
95,106,,RB/FB
95,107,,RB/FB
95,108,,RB/FB
95,116,,RB/FB
95,135,,RB/FB
95,138,,RB/FB
95,144,,RB/FB
95,145,,RB/FB
95,149,,RB/FB
95,150,,RB/FB
95,151,,RB/FB
95,153,,RB/FB
95,157,,RB/FB
95,163,,RB/FB
95,167,,RB/FB
95,168,,RB/FB
95,170,,RB/FB
95,171,,RB/FB
95,172,,RB/FB
95,178,,RB/FB
95,180,,RB/FB
95,181,,RB/FB
95,183,,RB/FB
95,188,,RB/FB
95,193,,RB/FB
95,194,,RB/FB
95,195,,RB/FB
95,196,,RB/FB
95,197,,RB/FB
95,198,,RB/FB
95,199,,RB/FB
95,201,,RB/FB
95,206,,RB/FB
95,207,,RB/FB
95,211,,RB/FB
95,221,,RB/FB
95,222,,RB/FB
95,223,,RB/FB
95,230,,RB/FB
14,7,,FMB
14,8,,FMB
14,11,,FMB
14,12,,FMB
14,13,,FMB
14,16,,FMB
14,17,,FMB
14,18,,FMB
14,23,,FMB
14,30,,FMB
14,32,,FMB
14,33,,FMB
14,34,,FMB
14,35,,FMB
14,36,,FMB
14,41,,FMB
14,43,,FMB
14,49,,FMB
14,50,,FMB
14,51,,FMB
14,52,,FMB
14,54,,FMB
14,55,,FMB
14,56,,FMB
14,57,,FMB
14,58,,FMB
14,59,,FMB
14,61,,FMB
14,62,,FMB
14,63,,FMB
14,102,,FMB
14,107,,FMB
14,108,,FMB
14,114,,FMB
14,116,,FMB
14,135,,FMB
14,138,,FMB
14,140,,FMB
14,143,,FMB
14,144,,FMB
14,145,,FMB
14,149,,FMB
14,153,,FMB
14,157,,FMB
14,158,,FMB
14,159,,FMB
14,167,,FMB
14,168,,FMB
14,170,,FMB
14,172,,FMB
14,174,,FMB
14,177,,FMB
14,178,,FMB
14,181,,FMB
14,183,,FMB
14,186,,FMB
14,188,,FMB
14,192,,FMB
14,193,,FMB
14,195,,FMB
14,196,,FMB
14,197,,FMB
14,206,,FMB
14,207,,FMB
14,215,,FMB
14,223,,FMB
14,228,,FMB
14,229,,FMB
14,230,,FMB
51,30,,RB/FB
51,34,,RB/FB
51,35,,RB/FB
51,36,,RB/FB
51,43,,RB/FB
51,45,,RB/FB
51,49,,RB/FB
51,50,,RB/FB
51,51,,RB/FB
51,52,,RB/FB
51,53,,RB/FB
51,54,,RB/FB
51,55,,RB/FB
51,56,,RB/FB
51,57,,RB/FB
51,58,,RB/FB
51,59,,RB/FB
51,61,,RB/FB
51,62,,RB/FB
51,63,,RB/FB
51,66,,RB/FB
51,69,,RB/FB
51,70,,RB/FB
51,71,,RB/FB
51,84,,RB/FB
51,90,,RB/FB
51,97,,RB/FB
51,101,,RB/FB
51,107,,RB/FB
51,108,,RB/FB
51,136,,RB/FB
51,137,,RB/FB
51,138,,RB/FB
51,139,,RB/FB
51,144,,RB/FB
51,153,,RB/FB
51,157,,RB/FB
51,158,,RB/FB
51,170,,RB/FB
51,171,,RB/FB
51,172,,RB/FB
51,176,,RB/FB
51,177,,RB/FB
51,178,,RB/FB
51,185,,RB/FB
51,201,,RB/FB
51,207,,RB/FB
51,213,,RB/FB
51,215,,RB/FB
51,221,,RB/FB
51,222,,RB/FB
51,230,,RB/FB
51,234,,RB/FB
60,6,,SMS
60,8,,SMS
60,10,,SMS
60,11,,SMS
60,12,,SMS
60,13,,SMS
60,14,,SMS
60,15,,SMS
60,16,,SMS
60,17,,SMS
60,18,,SMS
60,19,,SMS
60,21,,SMS
60,22,,SMS
60,23,,SMS
60,24,,SMS
60,30,,SMS
60,33,,SMS
60,34,,SMS
60,35,,SMS
60,36,,SMS
60,39,,SMS
60,40,,SMS
60,43,,SMS
60,44,,SMS
60,45,,SMS
60,47,,SMS
60,49,,SMS
60,50,,SMS
60,51,,SMS
60,52,,SMS
60,54,,SMS
60,55,,SMS
60,57,,SMS
60,58,,SMS
60,59,,SMS
60,61,,SMS
60,62,,SMS
60,64,,SMS
60,69,,SMS
60,71,,SMS
60,73,,SMS
60,74,,SMS
60,75,,SMS
60,77,,SMS
60,80,,SMS
60,84,,SMS
60,105,,SMS
60,106,,SMS
60,107,,SMS
60,108,,SMS
60,114,,SMS
60,116,,SMS
60,129,,SMS
60,131,,SMS
60,135,,SMS
60,136,,SMS
60,138,,SMS
60,150,,SMS
60,154,,SMS
60,158,,SMS
60,167,,SMS
60,172,,SMS
60,174,,SMS
60,175,,SMS
60,181,,SMS
60,183,,SMS
60,191,,SMS
60,192,,SMS
60,193,,SMS
60,195,,SMS
60,196,,SMS
60,201,,SMS
60,207,,SMS
60,214,,SMS
60,215,,SMS
60,217,,SMS
60,224,,SMS
60,225,,SMS
60,226,,SMS
60,233,,SMS
60,236,,SMS
20,5,,RB/FB
20,8,,RB/FB
20,9,,RB/FB
20,12,,RB/FB
20,13,,RB/FB
20,15,,RB/FB
20,16,,RB/FB
20,17,,RB/FB
20,18,,RB/FB
20,19,,RB/FB
20,21,,RB/FB
20,22,,RB/FB
20,23,,RB/FB
20,27,,RB/FB
20,30,,RB/FB
20,32,,RB/FB
20,33,,RB/FB
20,35,,RB/FB
20,43,,RB/FB
20,49,,RB/FB
20,50,,RB/FB
20,51,,RB/FB
20,52,,RB/FB
20,53,,RB/FB
20,54,,RB/FB
20,55,,RB/FB
20,56,,RB/FB
20,57,,RB/FB
20,58,,RB/FB
20,59,,RB/FB
20,61,,RB/FB
20,62,,RB/FB
20,68,,RB/FB
20,69,,RB/FB
20,71,,RB/FB
20,73,,RB/FB
20,84,,RB/FB
20,107,,RB/FB
20,108,,RB/FB
20,113,,RB/FB
20,114,,RB/FB
20,115,,RB/FB
20,116,,RB/FB
20,117,,RB/FB
20,132,,RB/FB
20,136,,RB/FB
20,138,,RB/FB
20,144,,RB/FB
20,145,,RB/FB
20,149,,RB/FB
20,153,,RB/FB
20,157,,RB/FB
20,158,,RB/FB
20,167,,RB/FB
20,168,,RB/FB
20,172,,RB/FB
20,183,,RB/FB
20,188,,RB/FB
20,193,,RB/FB
20,195,,RB/FB
20,196,,RB/FB
20,197,,RB/FB
20,206,,RB/FB
20,213,,RB/FB
20,215,,RB/FB
20,221,,RB/FB
20,222,,RB/FB
20,223,,RB/FB
20,228,,RB/FB
20,236,,RB/FB
72,5,,SMS
72,6,,SMS
72,8,,SMS
72,16,,SMS
72,33,,SMS
72,34,,SMS
72,36,,SMS
72,39,,SMS
72,40,,SMS
72,43,,SMS
72,49,,SMS
72,50,,SMS
72,51,,SMS
72,52,,SMS
72,53,,SMS
72,54,,SMS
72,55,,SMS
72,56,,SMS
72,57,,SMS
72,58,,SMS
72,59,,SMS
72,61,,SMS
72,62,,SMS
72,63,,SMS
72,64,,SMS
72,65,,SMS
72,73,,SMS
72,74,,SMS
72,75,,SMS
72,77,,SMS
72,80,,SMS
72,81,,SMS
72,85,,SMS
72,88,,SMS
72,89,,SMS
72,91,,SMS
72,94,,SMS
72,95,,SMS
72,101,,SMS
72,105,,SMS
72,106,,SMS
72,107,,SMS
72,108,,SMS
72,109,,SMS
72,111,,SMS
72,116,,SMS
72,129,,SMS
72,130,,SMS
72,135,,SMS
72,136,,SMS
72,137,,SMS
72,149,,SMS
72,150,,SMS
72,151,,SMS
72,152,,SMS
72,153,,SMS
72,155,,SMS
72,157,,SMS
72,158,,SMS
72,167,,SMS
72,170,,SMS
72,194,,SMS
72,195,,SMS
72,201,,SMS
72,207,,SMS
72,221,,SMS
72,224,,SMS
72,236,,SMS
28,8,,RB/FB
28,11,,RB/FB
28,13,,RB/FB
28,15,,RB/FB
28,30,,RB/FB
28,34,,RB/FB
28,37,,RB/FB
28,39,,RB/FB
28,43,,RB/FB
28,45,,RB/FB
28,49,,RB/FB
28,250,,RB/FB
28,51,,RB/FB
28,52,,RB/FB
28,53,,RB/FB
28,54,,RB/FB
28,55,,RB/FB
28,56,,RB/FB
28,57,,RB/FB
28,58,,RB/FB
28,59,,RB/FB
28,61,,RB/FB
28,62,,RB/FB
28,69,,RB/FB
28,70,,RB/FB
28,71,,RB/FB
28,81,,RB/FB
28,84,,RB/FB
28,107,,RB/FB
28,108,,RB/FB
28,116,,RB/FB
28,133,,RB/FB
28,136,,RB/FB
28,145,,RB/FB
28,146,,RB/FB
28,147,,RB/FB
28,148,,RB/FB
28,153,,RB/FB
28,156,,RB/FB
28,157,,RB/FB
28,158,,RB/FB
28,168,,RB/FB
28,169,,RB/FB
28,170,,RB/FB
28,171,,RB/FB
28,172,,RB/FB
28,174,,RB/FB
28,176,,RB/FB
28,178,,RB/FB
28,183,,RB/FB
28,185,,RB/FB
28,187,,RB/FB
28,188,,RB/FB
28,192,,RB/FB
28,193,,RB/FB
28,194,,RB/FB
28,196,,RB/FB
28,197,,RB/FB
28,199,,RB/FB
28,206,,RB/FB
28,230,,RB/FB
28,234,,RB/FB
28,296,,RB/FB
73,5,,RB
73,6,,RB
73,8,,RB
73,11,,RB
73,12,,RB
73,13,,RB
73,15,,RB
73,16,,RB
73,17,,RB
73,18,,RB
73,22,,RB
73,32,,RB
73,33,,RB
73,35,,RB
73,36,,RB
73,39,,RB
73,40,,RB
73,49,,RB
73,50,,RB
73,51,,RB
73,52,,RB
73,53,,RB
73,54,,RB
73,55,,RB
73,56,,RB
73,57,,RB
73,58,,RB
73,59,,RB
73,61,,RB
73,62,,RB
73,63,,RB
73,64,,RB
73,65,,RB
73,74,,RB
73,75,,RB
73,77,,RB
73,80,,RB
73,90,,RB
73,95,,RB
73,98,,RB
73,101,,RB
73,107,,RB
73,108,,RB
73,109,,RB
73,111,,RB
73,112,,RB
73,114,,RB
73,116,,RB
73,129,,RB
73,131,,RB
73,135,,RB
73,137,,RB
73,138,,RB
73,144,,RB
73,149,,RB
73,150,,RB
73,151,,RB
73,152,,RB
73,153,,RB
73,158,,RB
73,167,,RB
73,183,,RB
73,185,,RB
73,188,,RB
73,193,,RB
73,194,,RB
73,195,,RB
73,196,,RB
73,201,,RB
73,202,,RB
73,203,,RB
73,207,,RB
73,208,,RB
73,213,,RB
73,224,,RB
73,225,,RB
73,232,,RB
73,236,,RB
31,5,,KK/RW
31,8,,KK/RW
31,9,,KK/RW
31,11,,KK/RW
31,12,,KK/RW
31,13,,KK/RW
31,16,,KK/RW
31,17,,KK/RW
31,18,,KK/RW
31,19,,KK/RW
31,23,,KK/RW
31,27,,KK/RW
31,30,,KK/RW
31,31,,KK/RW
31,34,,KK/RW
31,35,,KK/RW
31,43,,KK/RW
31,45,,KK/RW
31,49,,KK/RW
31,50,,KK/RW
31,51,,KK/RW
31,52,,KK/RW
31,53,,KK/RW
31,54,,KK/RW
31,55,,KK/RW
31,56,,KK/RW
31,57,,KK/RW
31,58,,KK/RW
31,59,,KK/RW
31,61,,KK/RW
31,62,,KK/RW
31,68,,KK/RW
31,70,,KK/RW
31,71,,KK/RW
31,84,,KK/RW
31,102,,KK/RW
31,107,,KK/RW
31,108,,KK/RW
31,115,,KK/RW
31,116,,KK/RW
31,135,,KK/RW
31,136,,KK/RW
66,5,,RB/FB
66,6,,RB/FB
66,8,,RB/FB
66,11,,RB/FB
66,13,,RB/FB
66,16,,RB/FB
66,21,,RB/FB
66,22,,RB/FB
66,27,,RB/FB
66,30,,RB/FB
66,34,,RB/FB
66,35,,RB/FB
66,36,,RB/FB
66,39,,RB/FB
66,43,,RB/FB
66,45,,RB/FB
66,49,,RB/FB
66,50,,RB/FB
66,51,,RB/FB
66,52,,RB/FB
66,53,,RB/FB
66,54,,RB/FB
66,55,,RB/FB
66,56,,RB/FB
66,57,,RB/FB
66,58,,RB/FB
66,59,,RB/FB
66,61,,RB/FB
66,62,,RB/FB
66,63,,RB/FB
66,64,,RB/FB
66,65,,RB/FB
66,66,,RB/FB
66,69,,RB/FB
66,70,,RB/FB
66,71,,RB/FB
66,73,,RB/FB
66,74,,RB/FB
66,81,,RB/FB
66,84,,RB/FB
66,88,,RB/FB
66,89,,RB/FB
66,90,,RB/FB
66,91,,RB/FB
66,94,,RB/FB
66,95,,RB/FB
66,96,,RB/FB
66,97,,RB/FB
66,100,,RB/FB
66,101,,RB/FB
66,103,,RB/FB
66,105,,RB/FB
66,106,,RB/FB
66,107,,RB/FB
66,108,,RB/FB
66,113,,RB/FB
66,116,,RB/FB
66,118,,RB/FB
66,136,,RB/FB
66,137,,RB/FB
66,138,,RB/FB
66,139,,RB/FB
66,140,,RB/FB
66,144,,RB/FB
66,145,,RB/FB
66,148,,RB/FB
66,149,,RB/FB
66,150,,RB/FB
66,151,,RB/FB
66,152,,RB/FB
66,153,,RB/FB
66,154,,RB/FB
66,155,,RB/FB
66,156,,RB/FB
66,157,,RB/FB
66,158,,RB/FB
66,161,,RB/FB
66,162,,RB/FB
66,170,,RB/FB
66,172,,RB/FB
66,178,,RB/FB
66,180,,RB/FB
66,183,,RB/FB
66,185,,RB/FB
66,188,,RB/FB
66,193,,RB/FB
66,194,,RB/FB
66,195,,RB/FB
66,207,,RB/FB
66,208,,RB/FB
66,210,,RB/FB
66,213,,RB/FB
66,221,,RB/FB
66,222,,RB/FB
66,223,,RB/FB
66,230,,RB/FB
66,235,,RB/FB
66,236,,RB/FB
24,7,,RB/FB
24,11,,RB/FB
24,13,,RB/FB
24,16,,RB/FB
24,30,,RB/FB
24,34,,RB/FB
24,45,,RB/FB
24,49,,RB/FB
24,50,,RB/FB
24,51,,RB/FB
24,52,,RB/FB
24,53,,RB/FB
24,54,,RB/FB
24,55,,RB/FB
24,56,,RB/FB
24,57,,RB/FB
24,58,,RB/FB
24,61,,RB/FB
24,62,,RB/FB
24,68,,RB/FB
24,69,,RB/FB
24,70,,RB/FB
24,71,,RB/FB
24,107,,RB/FB
24,108,,RB/FB
24,113,,RB/FB
24,116,,RB/FB
24,135,,RB/FB
24,136,,RB/FB
24,138,,RB/FB
24,140,,RB/FB
24,144,,RB/FB
24,145,,RB/FB
24,167,,RB/FB
24,168,,RB/FB
24,169,,RB/FB
24,172,,RB/FB
24,183,,RB/FB
24,185,,RB/FB
24,188,,RB/FB
24,192,,RB/FB
24,193,,RB/FB
24,195,,RB/FB
24,196,,RB/FB
24,197,,RB/FB
24,199,,RB/FB
25,0,NOT DONE,HF/PJW
